word,grade,set (week),definition,sentence
the,1,1,"used before a specific person, place, or thing",The dog ran to the gate.
of,1,1,shows that something belongs to or is part of something,I ate a piece of cake.
and,1,1,joins words or ideas together,Sam and Mia played outside.
that,1,1,"points to a person, place, thing, or idea",That book is mine.
cat,1,1,a small furry animal often kept as a pet,The cat slept on the rug.
mat,1,1,a flat piece of material placed on a floor,Wipe your shoes on the mat.
sat,1,1,was sitting,I sat beside my friend.
hat,1,1,something worn on the head,Dad wore a blue hat.
to,1,2,shows movement toward a place or person,We walked to school.
in,1,2,inside something or some place,The toy is in the box.
is,1,2,means that something exists or is a certain way,The sky is blue.
you,1,2,the person or people being spoken to,You can sit by me.
man,1,2,an adult male person,The man waved hello.
can,1,2,to be able to do something,I can tie my shoes.
ran,1,2,moved quickly on foot,The dog ran across the yard.
pan,1,2,a shallow container used for cooking,Mom cooked eggs in a pan.
than,1,3,used when comparing two things,My dog is bigger than yours.
it,1,3,a word used for a thing or animal already named,It is time to go.
he,1,3,a word used for a boy or man,He kicked the ball.
was,1,3,means something happened or was true in the past,The soup was hot.
map,1,3,a picture that shows where places are,We found the park on the map.
cap,1,3,a soft hat with a brim,He wore a red cap.
nap,1,3,a short sleep,The baby took a nap.
tap,1,3,to touch or hit something lightly,Tap the drum one time.
for,1,4,shows who or what something is meant to help or belong to,This gift is for you.
on,1,4,touching or resting above something,The book is on the desk.
are,1,4,means more than one thing exists or is a certain way,The apples are red.
as,1,4,used to compare or describe how something happens,She is as tall as me.
back,1,4,the rear part of something or the part behind you,My backpack is on my back.
sack,1,4,a large bag,We filled the sack with toys.
black,1,4,the darkest color,The cat has black fur.
snack,1,4,a small amount of food eaten between meals,I had an apple for a snack.
with,1,5,together with or having something,I went to the park with Dad.
his,1,5,belonging to a boy or man,That is his blue coat.
they,1,5,a word used for more than one person or thing,They are playing outside.
pit,1,5,a deep hole or the hard seed inside some fruits,The peach has a pit.
sit,1,5,to rest your body on a chair or other surface,Please sit beside me.
hit,1,5,"to touch something with a quick, strong movement",I hit the ball with the bat.
bit,1,5,a small piece or amount,I ate a bit of cheese.
fit,1,5,to be the right size or shape,These shoes fit my feet.
at,1,6,in or near a certain place or time,Meet me at the door.
be,1,6,to exist or become something,I want to be kind.
this,1,6,points to a person or thing that is nearby,This pencil is sharp.
have,1,6,"to own, hold, or get something",I have two sisters.
big,1,6,large in size,We saw a big truck.
pig,1,6,a farm animal with a snout,The pig rolled in the mud.
dig,1,6,to make a hole in the ground,We dig in the sand.
wig,1,6,false hair worn on the head,The clown wore a silly wig.
from,1,7,shows where something starts or comes from,This letter is from Grandma.
or,1,7,joins choices,Would you like milk or water?
one,1,7,the number 1,I have one red ball.
had,1,7,"owned, held, or experienced something in the past",We had fun at the park.
pin,1,7,a small sharp object used to fasten things,She used a pin to hold the cloth.
thin,1,7,not thick,The book has thin pages.
spin,1,7,to turn around and around,Spin the top on the floor.
skin,1,7,the outer covering of a person or animal,Wash the dirt off your skin.
by,1,8,near something or done through someone or something,Sit by me on the bench.
words,1,8,groups of letters or sounds that have meaning,We read new words today.
but,1,8,joins ideas that are different from each other,"I was tired, but I finished."
not,1,8,a word that makes an idea negative,The box is not heavy.
sick,1,8,not feeling healthy or well,I stayed home because I felt sick.
kick,1,8,to hit something with your foot,Kick the ball to me.
brick,1,8,a hard block used for building,The wall is made of brick.
stick,1,8,a thin piece of wood from a tree,I found a stick on the trail.
what,1,9,asks about a thing or idea,What is in the box?
all,1,9,every one or every part,We ate all the grapes.
were,1,9,means something happened or was true in the past for more than one,We were happy to see you.
we,1,9,the speaker and one or more other people,We walked home together.
hot,1,9,having a high temperature,The soup is hot.
pot,1,9,a deep container used for cooking,The soup cooked in a pot.
not,1,9,a word that makes an idea negative,The box is not heavy.
lot,1,9,a large amount or number,We saw a lot of birds.
when,1,10,asks or tells at what time something happens,When will the movie start?
your,1,10,belonging to the person being spoken to,Please bring your book.
pop,1,10,to make a quick bursting sound or to burst,The balloon may pop.
said,1,10,spoke words in the past,She said hello to me.
mop,1,10,a tool used to clean a floor,Dad used a mop on the floor.
top,1,10,the highest part of something,The bird sat on top of the fence.
hop,1,10,to jump on one foot or with both feet,The rabbit can hop fast.
drop,1,10,to let something fall,Do not drop the glass.
there,1,11,in or at that place,Put the bag over there.
use,1,11,to do something with a tool or object for a purpose,Use a pencil to write your name.
an,1,11,used before a word that begins with a vowel sound,I ate an orange.
each,1,11,every one by itself,Each child got a sticker.
job,1,11,work that a person does,Her job is to teach children.
mob,1,11,a large crowd of people,A mob gathered near the stage.
cob,1,11,the hard middle part of an ear of corn,Corn grows on a cob.
rob,1,11,to take something that is not yours,It is wrong to rob a store.
which,1,12,asks or tells what one from a group,Which book do you want?
she,1,12,a word used for a girl or woman,She drew a picture.
do,1,12,to perform an action or task,I will do my homework.
how,1,12,asks about the way something happens,How did you make that?
sock,1,12,a soft piece of clothing worn on the foot,I found my missing sock.
rock,1,12,a hard piece of stone,I skipped a rock on the pond.
block,1,12,a solid piece used for building or playing,The child stacked a block.
clock,1,12,a tool that shows the time,The clock says three o'clock.
their,1,13,belonging to them,Their dog likes to run.
if,1,13,shows that something depends on something else,We can play outside if it is dry.
will,1,13,shows that something is going to happen,I will call you tomorrow.
up,1,13,toward a higher place,We climbed up the hill.
cut,1,13,to divide something with a sharp tool,Cut the paper along the line.
nut,1,13,a seed with a hard shell that can be eaten,The squirrel carried a nut.
hut,1,13,a small simple house or shelter,We saw a hut near the beach.
shut,1,13,to close something,Please shut the door.
other,1,14,a different one or an additional one,Put the shoe on your other foot.
about,1,14,on the subject of something or close to a number,We read a book about space.
out,1,14,away from the inside,The puppy ran out the door.
many,1,14,a large number of,Many stars shine at night.
bug,1,14,a small insect,A bug crawled on the leaf.
hug,1,14,to hold someone closely with your arms,I gave Mom a hug.
rug,1,14,a piece of thick cloth that covers part of a floor,The dog slept on the rug.
mug,1,14,a cup with a handle,I drank cocoa from a mug.
then,1,15,at that time or next,"We ate dinner, then played a game."
them,1,15,a word used for people or things already named,Please give the books to them.
these,1,15,points to more than one nearby thing,These apples are sweet.
so,1,15,for that reason or to a certain degree,"It rained, so we stayed inside."
sun,1,15,the star that gives Earth light and heat,The sun is bright today.
run,1,15,to move quickly on your feet,I like to run at recess.
fun,1,15,something enjoyable,The game was fun.
bun,1,15,a small round bread roll,I put the burger on a bun.
some,1,16,"an amount or number, but not all",I ate some grapes.
her,1,16,belonging to or referring to a girl or woman,Her coat is purple.
would,1,16,used to talk about a possible or imagined action,I would help if you asked.
make,1,16,to create or build something,We will make a paper airplane.
duck,1,16,a water bird with a broad bill and webbed feet,The duck swam across the pond.
luck,1,16,good or bad things that happen by chance,We had good luck finding the toy.
suck,1,16,to pull liquid or air into the mouth,The baby can suck milk from a bottle.
stuck,1,16,unable to move from a place,The toy car was stuck in the mud.
like,1,17,to enjoy something or to say two things are similar,I like to read books.
him,1,17,a word used for a boy or man already named,I gave the ball to him.
into,1,17,from the outside to the inside,The frog jumped into the pond.
time,1,17,"what we measure in seconds, minutes, hours, days, and years",It is time for lunch.
pet,1,17,an animal kept for friendship,Our pet dog loves to play.
get,1,17,"to receive, obtain, or become something",I will get my coat.
wet,1,17,covered or soaked with water,My shoes got wet in the rain.
let,1,17,to allow something to happen,Please let me help.
has,1,18,"owns, holds, or experiences something",She has a new book.
look,1,18,to use your eyes to see something,Look at the rainbow.
two,1,18,the number 2,I have two hands.
more,1,18,a greater amount or number,May I have more water?
red,1,18,the color of a ripe strawberry,The wagon is red.
bed,1,18,a piece of furniture used for sleeping,I made my bed this morning.
fed,1,18,gave food to someone or something in the past,We fed the fish before school.
sled,1,18,a vehicle that slides over snow,We rode the sled down the hill.
write,1,19,"to make letters, words, or numbers",Write your name at the top.
go,1,19,to move from one place to another,We go to school each day.
see,1,19,to notice something with your eyes,I can see the moon.
number,1,19,a symbol or word that tells how many or which one,Seven is my favorite number.
men,1,19,more than one adult male,The men carried the table.
hen,1,19,an adult female chicken,The hen sat on her eggs.
pen,1,19,a tool that uses ink for writing,I wrote with a blue pen.
ten,1,19,the number 10,I can count to ten.
no,1,20,used to give a negative answer or show none,"No, I do not need help."
bell,1,20,a hollow object that rings when struck or shaken,The school bell rang.
could,1,20,was able to or might be able to,I could reach the shelf.
people,1,20,human beings,Many people came to the fair.
tell,1,20,to give someone information using words,Tell me about your day.
fell,1,20,moved downward to the ground in the past,The leaf fell from the tree.
sell,1,20,to give something to someone in exchange for money,They sell fruit at the market.
well,1,20,in a good or successful way,She reads very well.
my,1,21,belonging to me,My shoes are by the door.
ant,1,21,a small insect that lives in groups called colonies,An ant carried a crumb.
first,1,21,before all others in order,I was first in line.
water,1,21,"a clear liquid that people, animals, and plants need to live",Drink water after you play.
bad,1,21,not good or not wanted,The milk had a bad smell.
bat,1,21,a flying animal that is active mostly at night,A bat flew out of the cave.
glad,1,21,happy or pleased,I am glad you came.
mad,1,21,angry,He felt mad for a moment.
been,1,22,a form of be used for something that happened before now,I have been to that park.
called,1,22,named or spoke to someone in the past,I called my friend after school.
who,1,22,asks or tells which person,Who is at the door?
oil,1,22,"a slippery liquid used for cooking, fuel, or machines",We used oil to cook the vegetables.
win,1,22,to finish first or be the best in a contest,Our team hopes to win.
lip,1,22,the soft edge around the mouth,She bit her lower lip.
kid,1,22,a child,The kid rode a bike.
ship,1,22,a large boat that travels on water,The ship sailed across the sea.
dog,1,23,a common pet animal that barks,The dog wagged its tail.
now,1,23,at this time,We need to leave now.
find,1,23,to discover or locate something,Can you find the missing sock?
long,1,23,measuring a great distance from end to end,The rope is long.
mom,1,23,a mother,My mom read me a story.
fox,1,23,a wild animal with pointed ears and a bushy tail,The fox ran into the woods.
chop,1,23,"to cut something into pieces with quick, strong cuts",We chop the carrots for soup.
shop,1,23,"a place where things are sold, or to buy things",We went to the shop for bread.
down,1,24,toward a lower place,We walked down the stairs.
day,1,24,a period of 24 hours,Today is a sunny day.
did,1,24,performed an action in the past,I did my chores before dinner.
set,1,24,a group of things that belong together,I have a set of colored pencils.
bus,1,24,a large road vehicle that carries many passengers,We rode the bus to school.
truck,1,24,a large vehicle used to carry things,The truck carried boxes.
must,1,24,to have to do something,You must wear a helmet.
cup,1,24,a small container used for drinking,I filled my cup with water.
come,1,25,to move toward a place or person,Come sit beside me.
made,1,25,created or built in the past,We made a tower from blocks.
may,1,25,might happen or be allowed,We may go outside later.
part,1,25,one piece of a larger whole,This wheel is part of the bike.
web,1,25,a net of silk made by a spider,A spider built a web.
legs,1,25,the body parts used for standing and walking,The table has four legs.
less,1,25,a smaller amount or number,This cup has less water.
shell,1,25,a hard outer covering of some animals or eggs,The turtle pulled into its shell.
game,1,26,an activity with rules played for fun,We played a game after dinner.
page,1,26,one side of a sheet in a book,Turn to the next page.
race,1,26,a contest to see who can move fastest,We ran a race at recess.
tape,1,26,a long sticky strip used to hold things together,Use tape to fix the paper.
name,1,26,"a word used to identify a person, place, or thing",Write your name on the paper.
shake,1,26,to move quickly back and forth,Shake the bottle before you open it.
tame,1,26,not wild and used to being around people,The tame rabbit ate from my hand.
animal,1,26,a living thing that can move and needs food,A dog is an animal.
way,1,27,"a method, direction, or path",This is the way to the playground.
pay,1,27,to give money for something,We pay for food at the store.
stay,1,27,to remain in one place,Please stay with the group.
clay,1,27,soft earth that can be shaped when wet,We made a bowl from clay.
play,1,27,to do something for fun,The children play at recess.
tray,1,27,a flat container used to carry things,Put the cups on the tray.
roots,1,27,parts of a plant that grow underground and take in water,The tree's roots spread under the soil.
tree,1,27,a tall plant with a trunk and branches,A bird built a nest in the tree.
nice,1,28,"kind, pleasant, or enjoyable",It was nice of you to help.
drive,1,28,to control and move a car or other vehicle,Dad will drive us to school.
mine,1,28,belonging to me,The blue backpack is mine.
wise,1,28,showing good judgment and understanding,The wise owl listened carefully.
dime,1,28,a U.S. coin worth ten cents,I found a dime in my pocket.
five,1,28,the number 5,There are five apples in the bowl.
lime,1,28,a small green citrus fruit with a sour taste,We squeezed lime into the water.
nest,1,28,a home built by a bird or some other animals,The robin sat in its nest.
dry,1,29,not wet,The towel is dry now.
cry,1,29,"to make tears when sad, hurt, or upset",The baby began to cry.
sky,1,29,the space we see above Earth,Clouds filled the sky.
shy,1,29,nervous or quiet around other people,The shy child gave a small wave.
spy,1,29,a person who secretly gathers information,The story was about a clever spy.
try,1,29,to make an effort to do something,Try to solve the puzzle.
light,1,29,brightness that lets us see,The lamp gives us light.
soil,1,29,the top layer of earth where plants grow,The seed grew in the soil.
nose,1,30,the part of the face used for smelling and breathing,My nose felt cold outside.
bone,1,30,a hard part inside the body that supports it,The dog chewed a toy bone.
code,1,30,"a system of symbols, letters, or rules used to send information",We used a simple code to write a secret note.
spoke,1,30,said something in the past,She spoke clearly to the class.
hole,1,30,an empty opening or space in something,The rabbit went into a hole.
note,1,30,a short written message,I left a note for Mom.
weather,1,30,"what the air and sky are like outside, such as rain or sunshine",The weather is warm today.
rose,1,30,a flowering plant that often has thorns,A red rose grew by the fence.
low,1,31,not high or close to the ground,The bird flew low over the field.
snow,1,31,soft white ice crystals that fall from clouds,We played in the snow.
grow,1,31,to become bigger or develop,Plants grow toward the light.
flow,1,31,to move smoothly like a liquid,Water can flow down a hill.
show,1,31,to let someone see something,Show me your drawing.
blow,1,31,to move air or be moved by air,The wind will blow the leaves.
above,1,31,in a higher place than something else,The clock hangs above the door.
below,1,31,in a lower place than something else,The shoes are below the shelf.
coat,1,32,a piece of clothing worn over other clothes,Put on your coat before you go outside.
boat,1,32,a small vessel used to travel on water,The boat moved across the lake.
float,1,32,to stay on top of a liquid without sinking,A leaf can float on water.
soak,1,32,to make or become very wet,Soak the sponge in water.
load,1,32,"an amount carried by a person, animal, or vehicle",The truck carried a heavy load.
soap,1,32,a substance used with water for washing,Wash your hands with soap.
stop,1,32,to end movement or an action,Stop at the red light.
trip,1,32,a journey to another place,We took a trip to the zoo.
hook,1,33,a curved object used to catch or hold something,Hang your coat on the hook.
took,1,33,"carried, received, or moved something in the past",I took my lunch to school.
good,1,33,"right, useful, pleasant, or well done",You did a good job.
stood,1,33,was standing upright,We stood in a line.
wood,1,33,the hard material that makes up a tree's trunk and branches,The table is made of wood.
foot,1,33,the body part at the end of the leg,My left foot is wet.
gas,1,33,a substance like air that spreads to fill a space,Air is a mixture of gases.
heat,1,33,warmth or high temperature,The sun gives us heat.
cow,1,34,a large farm animal that can give milk,The cow ate grass in the field.
plow,1,34,"a tool used to turn over soil, or to use that tool",The farmer used a plow in the field.
brown,1,34,a color like chocolate or soil,The bear has brown fur.
town,1,34,a place where people live that is smaller than a city,Our town has a library.
clown,1,34,a performer who wears funny clothes and tries to make people laugh,The clown made the children laugh.
tower,1,34,"a tall, narrow building or structure",We saw a tall tower downtown.
sure,1,34,certain or confident that something is true,I am sure I packed my lunch.
vote,1,34,to choose a person or idea by giving your choice,We will vote for our class game.
moon,1,35,the round object that travels around Earth,The moon looked bright tonight.
spoon,1,35,a tool with a small bowl-shaped end used for eating or stirring,I ate soup with a spoon.
tooth,1,35,one of the hard white parts in the mouth used for biting and chewing,Brush every tooth carefully.
broom,1,35,a tool with stiff fibers used for sweeping,Use the broom to sweep the floor.
roof,1,35,the top covering of a building,Rain fell on the roof.
pool,1,35,a small body of water or a place made for swimming,We swam in the pool.
huge,1,35,very large,We saw a huge elephant.
ice,1,35,frozen water,The ice melted in the sun.
deep,1,36,going far down from the top or surface,The lake is very deep.
feel,1,36,to notice something by touch or emotion,I feel warm in the sun.
green,1,36,the color of grass and many leaves,The frog is green.
seed,1,36,the small part of a plant that can grow into a new plant,We planted a seed in the soil.
need,1,36,to require something because it is important or necessary,Plants need water and light.
free,1,36,"not trapped, controlled, or costing money",The bird flew free from the cage.
grass,1,36,a common green plant with thin leaves that covers many lawns and fields,The grass was wet with dew.
summer,1,36,the warm season between spring and fall,We swim outside in summer.
over,2,1,above or across something,The bird flew over the house.
new,2,1,"recently made, found, or learned",I have a new pencil.
art,2,1,"creative work such as drawing, painting, or sculpture",We made art with paper and paint.
take,2,1,to carry or move something with you,Please take your book to class.
only,2,1,and no more; just,I have only one cookie left.
car,2,1,a road vehicle with four wheels,The car stopped at the red light.
park,2,1,an outdoor public place for play or relaxation,We played at the park after lunch.
hard,2,1,"difficult, firm, or not easy to bend",The math problem was hard.
barn,2,1,"a farm building used for animals, hay, or equipment",The horses slept in the barn.
card,2,1,"a small piece of stiff paper used for messages, games, or information",I made a birthday card for my friend.
shark,2,1,a large fish with a skeleton made of cartilage and rows of sharp teeth,A shark swam through the ocean.
dark,2,1,having little or no light,The room became dark when the lights went out.
oh,2,1,"a word used to show surprise, understanding, or another feeling","Oh, I see what you mean!"
eyes,2,1,the body parts used for seeing,We use our eyes to see.
date,2,1,a particular day of the month or year,We wrote the date at the top of the page.
hold,2,1,to keep something in your hands or in a certain place,Please hold the rope tightly.
little,2,2,small in size or amount,A little bird sat on the fence.
work,2,2,to do a job or task,We work together on the project.
know,2,2,to understand or be aware of something,I know the answer to the question.
place,2,2,a location or area,This is a quiet place to read.
years,2,2,periods of about 365 days,The tree grew taller over several years.
rain,2,2,water that falls from clouds in drops,The rain made puddles on the sidewalk.
mail,2,2,letters and packages sent from one place to another,The mail arrived this afternoon.
wait,2,2,to stay until something happens or someone arrives,We wait for the bus each morning.
paint,2,2,a colored liquid used to cover or decorate a surface,We used blue paint for the poster.
chant,2,2,words or sounds repeated in a steady rhythm,The team began a short chant.
paid,2,2,gave money for something; past form of pay,We paid for the tickets at the door.
sail,2,2,to travel on water in a boat or ship,We watched the boat sail across the lake.
goods,2,2,things that are made or sold,The store sells many kinds of goods.
services,2,2,work done to help or serve other people,The town provides useful services.
consumer,2,2,a person who buys or uses goods and services,A shopper is a consumer.
producer,2,2,a person or company that makes or creates something,A farmer is a producer of food.
live,2,3,to have your home in a place,I live near the school.
me,2,3,"the person speaking, used as the object of a verb",Please give the book to me.
cool,2,3,slightly cold or not warm,The evening air felt cool.
give,2,3,to hand or provide something to someone,Please give the pencil to Mia.
most,2,3,the greatest number or amount,Most of the class finished the puzzle.
saw,2,3,past tense of see,I saw a rainbow after the rain.
law,2,3,an official rule that people must follow,The law says drivers must stop at a red light.
raw,2,3,not cooked,Do not eat the raw dough.
jar,2,3,a glass or plastic container with a wide opening and lid,The jam is in a glass jar.
straw,2,3,a thin tube used for drinking,I drank the juice through a straw.
draw,2,3,"to make a picture with a pencil, pen, or similar tool",I like to draw animals.
country,2,3,a nation with its own land and government,Canada is a country.
ocean,2,3,a very large body of salt water,The whale lives in the ocean.
title,2,3,"the name of a book, story, movie, or other work",The title of the book is printed on the cover.
skip,2,3,to move with a light step and hop,The children skip across the playground.
change,2,3,to make or become different,Leaves change color in the fall.
very,2,4,to a high degree,The water was very cold.
after,2,4,later than something in time,We played outside after lunch.
things,2,4,"objects, ideas, events, or other items",We packed our things for the trip.
our,2,4,belonging to us,Our class planted a small garden.
just,2,4,only or exactly,I need just one more minute.
girl,2,4,a female child or young person,The girl carried a red backpack.
dirt,2,4,loose soil or earth,The puppy tracked dirt onto the floor.
shirt,2,4,clothing worn on the upper body,He wore a blue shirt.
third,2,4,"one of three equal parts, or number three in order",She finished third in the race.
thirst,2,4,the feeling that you need a drink,Playing outside made me feel thirst.
birth,2,4,the time when a baby is born,The family celebrated the baby's birth.
yellow,2,4,the color of lemons and sunshine,The yellow flower grew by the fence.
add,2,4,to put numbers or things together to find a total,We add two and three to get five.
got,2,4,past tense of get; received or obtained something,He got a new library book.
life,2,4,the state of being alive,Plants need water to support life.
cycle,2,4,a set of events that repeats in the same order,We learned about the water cycle.
pole,2,5,"a long, thin piece of wood or metal",The flag hung from a tall pole.
wire,2,5,a thin strand of metal that can carry electricity or hold things,The lamp has a wire that connects to the plug.
fight,2,5,to struggle or use force against someone or something,The heroes fight to protect their town.
seen,2,5,a form of see meaning noticed with the eyes,I have seen that bird before.
eat,2,5,to take food into your mouth and swallow it,We eat lunch at noon.
right,2,5,correct or true,You chose the right answer.
might,2,5,used to say that something is possible,It might rain after school.
sight,2,5,"the ability to see, or something that is seen",The rainbow was a beautiful sight.
tight,2,5,fitting closely or held firmly,The lid was too tight to open.
flight,2,5,"a trip through the air, especially in an airplane",Our flight landed in the afternoon.
bright,2,5,giving off or reflecting a lot of light,The bright sun lit the room.
lost,2,5,unable to find something or no longer knowing where you are,I found the pencil I had lost.
far,2,5,a long distance away,The mountains are far from our town.
push,2,5,to press against something to move it away,Push the door gently to open it.
pull,2,5,to use force to bring something toward you,Pull the wagon along the path.
resource,2,5,something useful that helps meet a need,A dictionary is a useful resource.
say,2,6,to speak words,Please say your name clearly.
great,2,6,very good or large in importance,We had a great day at the museum.
four,2,6,the number 4,There are four chairs at the table.
help,2,6,to make something easier for someone,I help my brother with his homework.
through,2,6,from one side or end to the other,We walked through the tunnel.
gold,2,6,a valuable yellow metal,The ring was made of gold.
cold,2,6,having a low temperature,The water felt cold.
fold,2,6,to bend something over onto itself,Fold the paper in half.
mold,2,6,a fuzzy growth that can appear on old or damp food,We threw away the bread with mold on it.
sold,2,6,gave something to a buyer for money; past form of sell,The store sold all the apples.
told,2,6,gave information in words; past form of tell,She told me the answer.
subtract,2,6,to take one number away from another,We subtract two from five to get three.
answer,2,6,a response to a question,She knew the answer to the math problem.
baby,2,6,a very young child,The baby smiled at her mother.
parent,2,6,a mother or father,A parent came to pick up the child.
stages,2,6,steps or periods in a process,A butterfly has several stages in its life cycle.
late,2,7,after the expected or usual time,The bus was late this morning.
before,2,7,earlier than something in time,Wash your hands before dinner.
line,2,7,people or things arranged one after another,We stood in a line for lunch.
side,2,7,one part or edge of something,Write your name on the other side of the paper.
too,2,7,"also, or more than needed",I want to come too.
loud,2,7,making a lot of sound,The drum was loud.
round,2,7,shaped like a circle or ball,The plate is round.
found,2,7,discovered or located; past form of find,I found my missing sock.
shout,2,7,to speak or call very loudly,Do not shout in the library.
count,2,7,to say numbers in order to find how many there are,Count the blocks in the box.
gave,2,7,past tense of give; handed or provided something,She gave her friend a pencil.
urban,2,7,related to a city,An urban area has many buildings and streets.
suburban,2,7,related to an area near a city with many homes,They live in a suburban neighborhood.
rural,2,7,related to the countryside or farming areas,The rural road passed several farms.
community,2,7,a group of people who live or work in the same area,Our community has a public library.
touch,2,7,to put your hand or another body part against something,Please do not touch the wet paint.
means,2,8,ways or methods of doing something,Walking is one means of getting to school.
old,2,8,having existed or lived for a long time,The old tree has a wide trunk.
any,2,8,"one, some, or all, no matter which",Do you have any questions?
same,2,8,not different; exactly alike in some way,We chose the same color.
corn,2,8,"a tall plant that grows kernels on ears, or the kernels themselves",We ate corn with dinner.
blue,2,8,the color of a clear daytime sky,She used a blue crayon.
true,2,8,correct or matching the facts,The statement is true.
clue,2,8,a piece of information that helps solve a problem or mystery,The detective found a clue.
glue,2,8,a sticky substance used to join things together,We used glue to attach the paper.
due,2,8,expected or required at a certain time,The homework is due Friday.
argue,2,8,"to give reasons for or against an idea, or to disagree",The students argue their ideas politely.
listen,2,8,to pay attention to sounds,Please listen to the directions.
song,2,8,a piece of music with words meant to be sung,We sang a cheerful song.
cause,2,8,something that makes another thing happen,Heavy rain was the cause of the flood.
speak,2,8,to say words or talk,Please speak clearly.
kind,2,8,a type or group of similar things,What kind of fruit do you like?
boy,2,9,a male child or young person,The boy rode his bike.
soon,2,9,in a short time,The movie will begin soon.
came,2,9,moved toward or arrived somewhere; past form of come,She came home after school.
want,2,9,to wish for or desire something,I want to read that book.
eggs,2,9,more than one egg,The bird laid two eggs.
nurse,2,9,a trained person who cares for sick or injured people,The nurse checked his temperature.
curve,2,9,a line that bends smoothly instead of staying straight,Draw a curve across the page.
turn,2,9,to change direction or move around,Turn left at the corner.
burn,2,9,"to be damaged by heat or fire, or to cause this damage",Be careful not to burn your hand.
curl,2,9,a curved or spiral shape,A curl of ribbon decorated the gift.
purse,2,9,a small bag used to carry money and personal items,She put her keys in her purse.
growth,2,9,the process of getting bigger or developing,The plant's growth was easy to measure.
affect,2,9,to cause a change in something,Rain can affect our outdoor plans.
fish,2,9,an animal that lives in water and breathes through gills,The fish swam around the pond.
mammal,2,9,an animal that has hair or fur and feeds milk to its young,A dog is a mammal.
fruit,2,9,the part of a plant that contains seeds and is often eaten,An apple is a fruit.
also,2,10,in addition; too,She also brought a notebook.
beat,2,10,"to hit repeatedly, or to have a steady rhythm",We heard the drum beat.
seat,2,10,a place where someone sits,I found a seat near the window.
three,2,10,the number 3,There are three apples in the bowl.
small,2,10,little in size or amount,The small box fit in my backpack.
mean,2,10,unkind or not nice,It is mean to tease someone.
clean,2,10,"free from dirt, or to remove dirt",Please clean your desk.
peak,2,10,the highest point of a mountain or other thing,Snow covered the mountain peak.
dream,2,10,thoughts and images that happen in the mind during sleep,I had a funny dream last night.
beach,2,10,"a sandy or rocky area beside an ocean, lake, or river",We built a sandcastle on the beach.
team,2,10,a group of people working or playing together,Our team practiced after school.
length,2,10,how long something is from one end to the other,We measured the length of the table.
weight,2,10,how heavy something is,The scale shows the weight of the box.
height,2,10,how tall something is,We measured the height of the plant.
meat,2,10,animal flesh used as food,The sandwich had meat and cheese.
distance,2,10,the amount of space between two places or things,We measured the distance between the cones.
wear,2,11,to have clothing or an item on your body,I wear a coat when it is cold.
put,2,11,to place something somewhere,Put the book on the shelf.
end,2,11,the last part of something,We reached the end of the story.
does,2,11,"a form of do used with he, she, or it",She does her homework after dinner.
another,2,11,one more or a different one,May I have another piece of paper?
head,2,11,"the top part of the body containing the brain, eyes, ears, nose, and mouth",He wore a hat on his head.
bread,2,11,food baked from flour and other ingredients,We made toast from bread.
dead,2,11,no longer alive,The dead leaves fell from the tree.
sweat,2,11,water-like liquid made by the skin when the body gets hot,Sweat formed on his forehead after running.
citizen,2,11,a person who legally belongs to a country,A citizen can have rights and duties in a country.
spread,2,11,"to open, extend, or move over a wider area",Spread the blanket on the grass.
deal,2,11,an agreement or an act of buying or selling,They made a deal to trade books.
room,2,11,a part of a building enclosed by walls,We read in a quiet room.
break,2,11,to damage something so it separates or stops working,Be careful not to break the glass.
weather,2,11,"the outdoor conditions, such as temperature, wind, rain, or snow",The weather was sunny and warm.
soil,2,11,the top layer of earth where plants can grow,The seed was planted in soil.
well,2,12,in a good or successful way,She read the story well.
large,2,12,big in size or amount,A large box sat by the door.
cook,2,12,to prepare food using heat,We cook the vegetables in a pan.
sent,2,12,caused something to go to someone or somewhere; past form of send,I sent a letter to my cousin.
even,2,12,used to add something surprising or extra,Even the puppy stayed quiet.
grew,2,12,became bigger or developed; past form of grow,The plant grew taller.
stew,2,12,a meal of meat or vegetables cooked slowly in liquid,We ate warm stew for dinner.
drew,2,12,made a picture; past form of draw,She drew a picture of a tree.
chew,2,12,to crush food with your teeth before swallowing,Chew your food slowly.
few,2,12,a small number of people or things,Only a few cookies were left.
brew,2,12,to make a drink by soaking or boiling ingredients in water,We brew tea with hot water.
ever,2,12,at any time,Have you ever seen a whale?
unit,2,12,a single amount used for measuring or counting,A centimeter is a unit of length.
violet,2,12,"a purple-blue color, or a small flower of that color",She colored the flower violet.
color,2,12,the way something looks because of the light it reflects,Blue is my favorite color.
shape,2,12,the outline or form of something,A circle is a round shape.
step,2,13,"one movement made by lifting and placing a foot, or one part of a process",Take one step forward.
because,2,13,for the reason that,We went inside because it started to rain.
body,2,13,the physical parts that make up a person or animal,Exercise helps keep the body strong.
here,2,13,in this place,Please put your backpack here.
fall,2,13,to move downward without control,Leaves fall from the trees in autumn.
germ,2,13,a tiny living thing or virus that can cause disease,Washing your hands helps remove germs.
herd,2,13,a group of animals of the same kind living or moving together,A herd of cows crossed the field.
clerk,2,13,a person who helps customers or keeps records,The store clerk helped us find the item.
nerve,2,13,a part of the body that carries messages between the brain and other parts,A nerve carries signals through the body.
serve,2,13,"to give food, help, or a service to someone",They serve lunch at noon.
fern,2,13,a green plant with feathery leaves that does not make flowers,A fern grew beside the stream.
food,2,13,things people or animals eat for energy and growth,Healthy food gives our bodies energy.
value,2,13,"how useful, important, or worth something is",The old photo has special value to our family.
build,2,13,to make something by putting parts together,We build a tower with blocks.
flat,2,13,"level and smooth, without bumps or curves",The table has a flat top.
ago,2,13,before now,We moved here two years ago.
plan,2,14,an idea or set of steps for what you will do,We made a plan for the project.
went,2,14,traveled or moved somewhere; past form of go,We went to the library.
warm,2,14,slightly hot but not very hot,The soup was warm.
read,2,14,to look at and understand written words,We read a chapter before lunch.
lie,2,14,"to rest in a flat position, or to say something untrue",I like to lie on the grass and watch clouds.
short,2,14,not long or not tall,The pencil became short after much use.
core,2,14,the center or most important part of something,We removed the apple core.
sport,2,14,a game or activity involving skill and often physical effort,Soccer is a team sport.
report,2,14,information written or spoken about a topic,I wrote a report about whales.
port,2,14,"a place where ships load, unload, or stop",The ship entered the port.
done,2,14,finished; a form of do,My homework is done.
solid,2,14,a state of matter that keeps its own shape,Ice is a solid.
liquid,2,14,a state of matter that flows and takes the shape of its container,Water is a liquid.
rise,2,14,to move upward,Hot air can rise.
size,2,14,how big or small something is,We compared the size of the two boxes.
door,2,14,a movable panel used to enter or leave a room or building,Please close the door.
farm,2,15,land and buildings used to grow crops or raise animals,The farm grows corn and keeps chickens.
fire,2,15,heat and light made by burning,We sat safely near the campfire.
home,2,15,the place where a person or family lives,We went home after school.
us,2,15,"the people speaking, used as the object of a verb",The teacher gave us new books.
move,2,15,to change position or place,Please move your chair closer.
bump,2,15,"to hit something lightly, or a raised area on a surface",Be careful not to bump your head.
stump,2,15,the bottom part of a tree left after the trunk is cut,We sat on an old tree stump.
clump,2,15,a group of things packed or growing closely together,A clump of grass grew near the fence.
stamp,2,15,"a small paper label used on mail, or to press a mark onto something",Put a stamp on the envelope.
clamp,2,15,a tool that holds things tightly together,The clamp held the wood in place.
camp,2,15,a place where people stay in tents or cabins for a short time,We slept in a tent at camp.
pride,2,15,a feeling of happiness or satisfaction about something done well,She felt pride after finishing the project.
test,2,15,a set of questions or tasks used to check knowledge or ability,We studied for the spelling test.
event,2,15,"something that happens, especially an organized activity",The school fair is a big event.
love,2,15,a strong feeling of care and affection,I love spending time with my family.
guess,2,15,an answer or idea made without knowing for sure,I made a guess about how many beans were in the jar.
try,2,16,to make an effort to do something,Try to solve the puzzle.
rest,2,16,time spent relaxing or not working,"After the hike, we took a rest."
hand,2,16,the body part at the end of the arm,Raise your hand if you know the answer.
seven,2,16,the number 7,There are seven days in a week.
again,2,16,one more time,Please read the sentence again.
fast,2,16,moving or happening quickly,The rabbit can run fast.
past,2,16,time that has already happened,We learned about the past in history class.
last,2,16,"coming after all the others, or continuing for a length of time",She was the last person in line.
cost,2,16,the amount of money needed to buy something,The book's cost was five dollars.
blast,2,16,"a sudden strong burst of air, sound, or force",A blast of wind shook the window.
cast,2,16,the group of actors in a play or movie,The cast bowed after the play.
oral,2,16,spoken instead of written,We gave an oral report.
box,2,16,"a container with flat sides, usually square or rectangular",The shoes came in a box.
fuel,2,16,a material used to provide energy,Gasoline is one kind of fuel.
record,2,16,"information kept for later, or the act of saving sound or video",We kept a record of the plant's growth.
full,2,16,holding as much as possible or containing a lot,The glass is full of water.
feet,2,17,more than one foot,My feet were tired after the walk.
off,2,17,away from or not on something,The book fell off the table.
led,2,17,guided or showed the way; past form of lead,The guide led us through the museum.
spell,2,17,to say or write the letters of a word in order,Can you spell your name?
air,2,17,the mixture of gases around Earth that we breathe,We need clean air to breathe.
bend,2,17,to curve or make something no longer straight,Bend the pipe gently.
send,2,17,to cause something to go to a person or place,I will send a letter to my cousin.
mind,2,17,"the part of a person that thinks, remembers, and feels",I changed my mind after hearing the idea.
offend,2,17,to hurt someone's feelings or make someone angry,Kind words are less likely to offend people.
sand,2,17,tiny loose pieces of rock found on beaches and deserts,We built a castle from sand.
land,2,17,the solid part of Earth's surface that is not covered by water,The boat finally reached land.
wind,2,17,moving air,The wind moved the leaves.
yes,2,17,a word used to agree or give a positive answer,I said yes to the invitation.
week,2,17,a period of seven days,There are seven days in a week.
share,2,17,"to use, have, or give something together with others",We share the crayons.
fourth,2,17,number four in order,She was fourth in line.
away,2,18,at or to a different place,The bird flew away.
animal,2,18,a living thing that can usually move and must eat food,A dog is an animal.
house,2,18,a building where people live,Their house has a blue door.
point,2,18,"an exact place, a sharp tip, or a mark used in math",Mark the point on the graph.
spot,2,18,"a small area, mark, or place",I found a sunny spot to sit.
desk,2,18,a piece of furniture with a flat top used for reading or writing,My book is on the desk.
mask,2,18,a covering worn over part or all of the face,The costume included a mask.
task,2,18,a piece of work that needs to be done,Our first task was to sort the cards.
ask,2,18,to say a question or request information,Please ask if you need help.
tusk,2,18,a long pointed tooth that sticks out from some animals,An elephant has a tusk on each side of its trunk.
disk,2,18,"a flat, round object",The toy has a round disk.
hero,2,18,a person admired for courage or for helping others,The firefighter was a hero in the story.
able,2,18,having the skill or power to do something,She was able to solve the puzzle.
monument,2,18,a structure built to remember a person or event,We visited a monument in the city.
pair,2,18,two things that belong or are used together,I need a pair of socks.
multiply,2,18,to find the total of equal groups by repeated addition,We multiply three by four to get twelve.
letter,2,19,"a written message, or one symbol in the alphabet",I wrote a letter to my grandmother.
mother,2,19,a female parent,My mother read me a story.
ball,2,19,a round object used in many games,He kicked the ball across the field.
rich,2,19,having a lot of money or other valuable things,The story was about a rich king.
study,2,19,to spend time learning about a subject,I study my spelling words each night.
much,2,19,a large amount,There was not much water left.
such,2,19,of the kind just mentioned,It was such a sunny day.
patch,2,19,"a small area that differs from the area around it, or material used to repair a hole",There was a patch of mud on the trail.
search,2,19,to look carefully for something,We search for clues in the story.
march,2,19,"to walk with regular, strong steps",The band began to march down the street.
starch,2,19,"a substance in foods such as potatoes, rice, and bread that gives the body energy",Potatoes contain starch.
rotate,2,19,to turn around a center point or axis,Earth can rotate on its axis.
tornado,2,19,a violently rotating column of air reaching from a storm cloud toward the ground,The weather lesson showed how a tornado forms.
funnel,2,19,a tool with a wide top and narrow tube used to pour liquids or powders,Use a funnel to pour the rice into the jar.
group,2,19,a number of people or things together,A group of students worked together.
six,2,19,the number 6,The insect has six legs.
still,2,20,continuing up to now,The baby is still asleep.
learn,2,20,to gain knowledge or a new skill,We learn new things at school.
should,2,20,used to say what is a good or right thing to do,You should wear a helmet when riding a bike.
America,2,20,a name often used for the United States,America is another name often used for the United States.
world,2,20,Earth and all the people and places on it,People live in many parts of the world.
hush,2,20,to become quiet or make someone quiet,The teacher asked the class to hush.
slush,2,20,snow that has partly melted and become wet,We stepped around the slush.
dash,2,20,to move quickly for a short distance,We had to dash inside when the rain started.
wash,2,20,to clean something with water or another liquid,Wash your hands before eating.
wish,2,20,to want or hope for something,I wish for sunny weather.
dish,2,20,"a plate, bowl, or container used for food",Put the fruit in the dish.
money,2,20,"coins, bills, or other forms of payment used to buy things",I saved my money in a jar.
coin,2,20,a flat round piece of metal used as money,I found a coin on the sidewalk.
bill,2,20,"a paper statement showing money owed, or a paper form of money",We paid the restaurant bill.
cents,2,20,units of money equal to one hundredth of a dollar,The pencil cost fifty cents.
dollars,2,20,units of U.S. money,The book cost ten dollars.
boxes,2,21,more than one box,The boxes were stacked by the wall.
foxes,2,21,more than one fox,Two foxes ran into the woods.
messes,2,21,more than one mess,We cleaned the messes after the art project.
dishes,2,21,more than one dish,The dishes were clean and dry.
couches,2,21,more than one couch,The store displayed several couches.
brushes,2,21,more than one brush,The paint brushes were in a cup.
bushes,2,21,more than one bush,Birds hid in the bushes.
rushes,2,21,moves or acts very quickly,He rushes to catch the bus.
wishes,2,21,hopes or wants for something,She made three wishes.
washes,2,21,cleans with water,He washes his hands before lunch.
dashes,2,21,moves very quickly for a short distance,The dog dashes across the yard.
find,2,21,to discover or locate something,Can you find the hidden word?
whole,2,21,all of something; complete,I ate the whole apple.
fear,2,21,the feeling of being afraid,She felt fear during the scary scene.
fair,2,21,reasonable and treating people equally,Taking turns is fair.
flutter,2,21,to move lightly and quickly back and forth,The butterfly's wings flutter.
thing,2,22,"an object, idea, event, or other item being talked about",That shiny thing is a coin.
string,2,22,a thin cord made from twisted fibers,Tie the package with string.
sing,2,22,to make musical sounds with the voice,We sing a song together.
bring,2,22,to carry or take something with you to a place,Please bring your book tomorrow.
spring,2,22,the season between winter and summer,Flowers bloom in spring.
ring,2,22,"a small circular band, or a clear bell-like sound",The bell gave a loud ring.
king,2,22,a male ruler of a kingdom,The king wore a crown.
sting,2,22,"a sharp pain caused by an insect, plant, or other source",The bee sting hurt for a moment.
wings,2,22,"the body parts birds, insects, and some other animals use for flying",The bird spread its wings.
cling,2,22,to hold tightly to something,Wet leaves cling to the sidewalk.
sling,2,22,a strap used to support an injured arm or to carry something,His arm rested in a sling.
chart,2,22,a visual display that organizes information,We made a chart of the weather.
wall,2,22,a solid upright part of a building or boundary,The picture hangs on the wall.
holiday,2,22,a special day of celebration or a day off from usual work or school,We visited family during the holiday.
freedom,2,22,"the ability or right to act, speak, or choose without unfair control",The lesson was about freedom.
road,2,22,a path made for vehicles to travel on,The car turned onto the road.
graph,2,23,a visual display that shows how numbers or amounts are related,We made a graph of our class survey.
laugh,2,23,to make sounds that show amusement or happiness,The joke made us laugh.
paragraph,2,23,a group of sentences about one main idea,I wrote a paragraph about my pet.
tough,2,23,"strong, hard to break, or difficult",The tough rope did not snap.
rough,2,23,not smooth; having an uneven surface,The rock felt rough.
enough,2,23,as much or as many as needed,We have enough chairs for everyone.
triumph,2,23,a great success or victory,Finishing the hard race felt like a triumph.
dough,2,23,a thick mixture of flour and liquid used to make bread or other baked foods,We rolled the dough flat.
though,2,23,even if or despite the fact that,"Though it was raining, we still had fun indoors."
cough,2,23,to force air from the lungs with a sudden sound,Cover your mouth when you cough.
force,2,23,a push or pull that can change motion,A strong force moved the box.
feather,2,23,one of the light structures that cover a bird's body,I found a feather on the ground.
wide,2,23,having a large distance from one side to the other,The river is wide.
store,2,23,a place where things are sold,We went to the store for groceries.
gravity,2,23,the force that pulls objects toward Earth and other masses,Gravity pulls a dropped ball toward the ground.
model,2,23,a smaller or simplified copy or representation of something,We built a model of the solar system.
bath,2,24,"washing the body in water, usually in a tub",The baby had a warm bath.
math,2,24,"the study of numbers, shapes, patterns, and measurements",We practiced math after lunch.
moth,2,24,an insect like a butterfly that is often active at night,A moth flew near the porch light.
sloth,2,24,a slow-moving animal that lives in trees in Central and South America,The sloth hung from a tree branch.
breath,2,24,air taken into or pushed out of the lungs,Take a deep breath.
mouth,2,24,the opening in the face used for eating and speaking,Open your mouth and say ah.
path,2,24,a track or route used for walking or traveling,We followed the path through the woods.
cloth,2,24,material made by weaving or joining fibers,We wiped the table with a cloth.
tooth,2,24,one of the hard white parts in the mouth used for biting and chewing,I brush each tooth carefully.
death,2,24,the end of a living thing's life,The story gently explained the death of an old tree.
months,2,24,more than one month,A year has twelve months.
hour,2,24,a period of 60 minutes,The trip took one hour.
minute,2,24,a period of 60 seconds,Please wait one minute.
second,2,24,a unit of time equal to one sixtieth of a minute,The light flashed for one second.
year,2,24,a period of about 365 days,A year has twelve months.
mile,2,24,"a unit of distance equal to 5,280 feet",The park is about one mile away.
row,2,25,a line of people or things side by side,We planted a row of flowers.
stack,2,25,a neat pile of things placed on top of one another,A stack of books sat on the desk.
pack,2,25,"a group of animals, or a bundle or bag of things",A pack of wolves crossed the snow.
dock,2,25,a platform beside water where boats can stop,The boat was tied to the dock.
lock,2,25,a device that keeps a door or container closed until opened with a key or code,Turn the key in the lock.
quack,2,25,the sound made by a duck,The duck gave a loud quack.
rope,2,25,a strong thick cord made from twisted fibers,We pulled the wagon with a rope.
snack,2,25,a small amount of food eaten between meals,I ate fruit for a snack.
quick,2,25,moving or happening fast,She gave a quick answer.
neck,2,25,the body part connecting the head to the shoulders,The scarf kept his neck warm.
check,2,25,to look at something to make sure it is correct or safe,Check your work before turning it in.
circle,2,25,a round shape whose edge is the same distance from its center,Draw a circle around the answer.
square,2,25,a shape with four equal sides and four right angles,The tile is a square.
rectangle,2,25,a four-sided shape with four right angles,A door is shaped like a rectangle.
scale,2,25,a system used to measure or compare the size or amount of something,Scientists use a scale to describe earthquake strength.
plane,2,25,an airplane,The plane flew above the clouds.
drink,2,26,to take liquid into the mouth and swallow it,Drink water after exercising.
think,2,26,to use your mind to form ideas or make decisions,Think carefully before you answer.
sink,2,26,a basin with running water used for washing,Wash your hands in the sink.
stink,2,26,to have a very bad smell,Old garbage can stink.
wink,2,26,to quickly close and open one eye,She gave me a wink.
thank,2,26,to tell someone you are grateful,Remember to thank your helper.
bank,2,26,a place that keeps and manages money,My family keeps savings in a bank.
drank,2,26,took liquid into the mouth and swallowed it; past form of drink,He drank a glass of water.
honk,2,26,a loud sound made by a horn or by a goose,The car horn gave a honk.
blank,2,26,empty or not filled in,Write your name on the blank line.
shrink,2,26,to become smaller,Some clothes can shrink in hot water.
gone,2,26,no longer here or moved away; a form of go,The rain was gone by noon.
lava,2,26,hot melted rock that comes from a volcano,The lava cooled into solid rock.
volcano,2,26,"an opening in Earth's crust where lava, ash, and gases can come out",The volcano released ash into the air.
root,2,26,the part of a plant that usually grows underground and takes in water,The root holds the plant in the soil.
meet,2,26,to come together with someone,We will meet at the library.
soft,2,27,"easy to press, bend, or touch gently",The pillow feels soft.
lift,2,27,to raise something to a higher position,Lift the box with both hands.
shift,2,27,to move or change position,Shift the chair a little to the left.
drift,2,27,to move slowly without a clear direction,The leaf began to drift across the pond.
gift,2,27,something given to someone without payment,She opened a birthday gift.
left,2,27,went away from a place; past form of leave,We left the park before dark.
raft,2,27,a flat floating platform or simple boat,They paddled the raft across the calm water.
craft,2,27,an activity that involves making something by hand,We made a paper craft in class.
loft,2,27,an upper room or space directly under a roof,The boxes were stored in the loft.
swift,2,27,moving very quickly,The swift bird flew across the sky.
sift,2,27,to separate fine and coarse pieces by shaking them through a screen,We sift the flour before baking.
apart,2,27,separated by a distance or space,Place the chairs two feet apart.
form,2,27,the shape or structure of something,The clouds began to form a line.
ride,2,27,"to travel on or in something such as a bike, horse, or vehicle",I ride my bike after school.
greater,2,27,larger or more than something else,Seven is greater than five.
equal,2,27,"the same in amount, size, or value",Two plus two is equal to four.
bolt,2,28,"a metal pin used to fasten things, or a sudden flash of lightning",The bolt held the pieces together.
jolt,2,28,a sudden strong shake or bump,The bus gave us a small jolt.
colt,2,28,a young male horse,The colt stayed close to its mother.
felt,2,28,a thick cloth made by pressing fibers together,We cut a star from red felt.
belt,2,28,a strip worn around the waist or used to move parts of a machine,He tightened his belt.
welt,2,28,a raised mark on the skin caused by a hit or irritation,The bug bite left a small welt.
built,2,28,made or constructed; past form of build,We built a tower from blocks.
stilt,2,28,"a tall support, or one of a pair of poles used to walk above the ground",The house stood on a stilt above the water.
wilt,2,28,to droop because of heat or lack of water,Flowers may wilt without water.
melt,2,28,to change from a solid into a liquid because of heat,Ice will melt in the sun.
salt,2,28,a white mineral used to flavor and preserve food,I sprinkled a little salt on the corn.
face,2,28,"the front part of the head with the eyes, nose, and mouth",She washed her face.
edge,2,28,the outside boundary of something,Do not stand too close to the edge.
lay,2,28,to place something down,Lay the paper flat on the desk.
arms,2,28,the two upper limbs from the shoulders to the hands,He carried the box in his arms.
sound,2,28,something that can be heard,We heard the sound of a bell.
whale,2,29,a very large sea mammal that breathes air,The whale came to the surface to breathe.
when,2,29,at what time or at the time that,When will the game begin?
where,2,29,in or at what place,Where did you put the pencil?
what,2,29,used to ask about a thing or information,What is your favorite book?
why,2,29,for what reason,Why is the sky blue?
which,2,29,used to ask about one or more choices,Which color do you want?
whistle,2,29,to make a high clear sound by blowing air through the lips or a whistle,She can whistle a short tune.
whip,2,29,"to move something quickly with a snapping motion, or a tool with a flexible lash",The wind can whip the flag back and forth.
white,2,29,"the lightest color, like fresh snow",The clouds were bright white.
while,2,29,"a period of time, or during the time that something happens",We read while we waited.
whirl,2,29,to spin around quickly,The leaves whirl in the wind.
sun,2,29,the star at the center of our solar system,The sun gives Earth light and heat.
woman,2,29,an adult female person,The woman carried a basket.
seasons,2,29,"the four main parts of the year: spring, summer, fall, and winter",The seasons change through the year.
knew,2,29,understood or was aware of something; past form of know,I knew the answer.
himself,2,29,that same boy or man,He tied his shoes by himself.
badly,2,30,in a poor or unsuccessful way,The broken wheel turned badly.
madly,2,30,"in a wild, excited, or very intense way",The flag flapped madly in the strong wind.
quickly,2,30,at a fast speed,She quickly tied her shoes.
weekly,2,30,once every week or each week,We have a weekly spelling test.
daily,2,30,every day,I brush my teeth daily.
sadly,2,30,in a sad way,He sadly waved goodbye.
gladly,2,30,happily and willingly,I gladly helped clean the room.
proudly,2,30,in a way that shows pride,She proudly displayed her drawing.
softly,2,30,in a quiet or gentle way,The teacher spoke softly.
loudly,2,30,with a lot of sound,The crowd cheered loudly.
bravely,2,30,in a courageous way,She bravely tried the new activity.
care,2,30,attention and help given to keep someone or something safe and well,The puppy needs daily care.
hill,2,30,an area of land that rises above the land around it,We walked up the hill.
case,2,30,a container or covering that protects or holds something,The glasses are in their case.
simple,2,30,easy to understand or having few parts,The directions were simple.
echo,2,30,a sound heard again after it bounces off a surface,We heard an echo in the cave.
painter,2,31,a person who paints pictures or surfaces,The painter covered the wall with blue paint.
washer,2,31,a machine for washing clothes or dishes,The washer cleaned the clothes.
dryer,2,31,a machine that dries clothes or other things,The dryer made the towels warm and dry.
flyer,2,31,a small printed paper used to share information or advertise something,We read a flyer about the school fair.
picture,2,31,"an image, drawing, or photograph",She drew a picture of her dog.
workers,2,31,people who do jobs or work,The workers repaired the road.
singer,2,31,a person who sings,The singer performed a new song.
teacher,2,31,a person who helps students learn,Our teacher read the story aloud.
speaker,2,31,"a person who speaks, or a device that makes sound",The speaker talked to the class.
thinker,2,31,a person who thinks carefully about ideas or problems,A good thinker asks useful questions.
dreamer,2,31,a person who dreams or imagines possibilities,The young dreamer imagined traveling to space.
tall,2,31,having more height than usual,The tall tree reached above the roof.
lead,2,31,to guide or be in front,The captain will lead the team.
problem,2,31,a question or difficulty that needs a solution,We solved the math problem.
age,2,31,the number of years someone or something has existed,Her age is eight years.
apple,2,31,"a round fruit with crisp flesh and red, green, or yellow skin",I ate an apple for a snack.
fastest,2,32,moving more quickly than all the others,The cheetah was the fastest animal in the race.
slowest,2,32,moving less quickly than all the others,The turtle was the slowest racer.
biggest,2,32,larger than all the others,That is the biggest pumpkin in the patch.
shortest,2,32,having the least length or height,This is the shortest pencil.
loudest,2,32,making more sound than all the others,The drum was the loudest instrument.
softest,2,32,most soft or easiest to press or touch gently,This blanket is the softest one.
smartest,2,32,showing the most skill at thinking or learning,She found the smartest way to solve the puzzle.
silliest,2,32,more foolish or funny than all the others,That was the silliest joke.
brightest,2,32,giving off or reflecting the most light,Venus can be one of the brightest objects in the night sky.
funniest,2,32,causing the most laughter,That was the funniest part of the movie.
bravest,2,32,showing the most courage,The bravest character helped the others.
act,2,32,to do something or behave in a certain way,Please act kindly toward others.
discussion,2,32,a conversation in which people share ideas about a topic,We had a class discussion about the story.
attention,2,32,careful focus on something,Please give your attention to the directions.
select,2,32,to choose something from a group,Select one book to read.
tone,2,32,the quality or feeling of a voice or sound,Her friendly tone made us feel welcome.
thankful,2,33,feeling pleased and grateful for something,I am thankful for my family.
ears,2,33,the body parts used for hearing,We use our ears to hear sounds.
hopeful,2,33,feeling that something good is likely to happen,We felt hopeful about the game.
grateful,2,33,feeling thankful,She was grateful for the help.
thoughtful,2,33,showing care for other people or careful thinking,It was thoughtful of him to share.
useful,2,33,helpful for a purpose,A flashlight is useful in the dark.
forgetful,2,33,often forgetting things,A forgetful person may need reminders.
painful,2,33,causing pain or hurting,The scraped knee was painful.
joyful,2,33,very happy,The children were joyful at the celebration.
careful,2,33,paying close attention to avoid mistakes or danger,Be careful when crossing the street.
helpful,2,33,giving help or making something easier,The directions were helpful.
prediction,2,33,a statement about what you think will happen,My prediction is that it will rain.
question,2,33,something asked to get information,She raised her hand to ask a question.
method,2,33,a way of doing something,We tried a new method for solving the problem.
observe,2,33,to watch or notice carefully,We observe the plant each day.
outcome,2,33,the result of an action or event,The experiment had an unexpected outcome.
happiness,2,34,the feeling or state of being happy,Playing with friends brought her happiness.
darkness,2,34,the absence of light,The flashlight helped us see in the darkness.
likeness,2,34,a similarity between people or things,I noticed a likeness between the two drawings.
kindness,2,34,"the quality of being friendly, caring, and helpful",Her kindness made the new student feel welcome.
sickness,2,34,the state of being ill,He stayed home because of sickness.
helpfulness,2,34,the quality of being useful or willing to help,Her helpfulness made the project easier.
goodness,2,34,"the quality of being good, kind, or right",The story showed the goodness of helping others.
brightness,2,34,the amount of light something gives off or reflects,We adjusted the screen brightness.
seeds,2,34,the parts of plants that can grow into new plants,We planted seeds in the garden.
bones,2,34,the hard parts inside the body that support it,Bones help support our bodies.
cows,2,34,more than one cow,The cows grazed in the field.
pentagon,2,34,a shape with five sides and five angles,We drew a pentagon.
hexagon,2,34,a shape with six sides and six angles,A honeycomb cell often looks like a hexagon.
power,2,34,the ability to do something or make something happen,Wind has the power to move a sailboat.
write,2,34,to make words or letters on a surface,Please write your name on the paper.
apply,2,34,to use something or put it into action,We apply what we learned to a new problem.
likable,2,35,pleasant and easy to like,The friendly character was likable.
acceptable,2,35,good enough or allowed,That answer is acceptable.
adorable,2,35,very cute and lovable,The puppy looked adorable.
chewable,2,35,able to be chewed,The vitamin came in a chewable tablet.
agreeable,2,35,pleasant or willing to agree,The warm weather was agreeable.
bearable,2,35,possible to accept or deal with even if unpleasant,The short wait was bearable.
usable,2,35,able to be used,The repaired bicycle is usable again.
comfortable,2,35,making you feel relaxed and not in pain,The chair was comfortable.
lovable,2,35,easy to love,The playful puppy was lovable.
sizable,2,35,fairly large,A sizable crowd came to the fair.
valuable,2,35,worth a lot or very useful,Water is a valuable resource.
prefix,2,35,letters added to the beginning of a word to change its meaning,The prefix un- can mean not.
suffix,2,35,letters added to the end of a word to change its form or meaning,The suffix -ful appears in hopeful.
compass,2,35,a tool that shows directions such as north and south,We used a compass to find north.
magnet,2,35,an object that attracts iron and some other metals,The magnet picked up a paper clip.
guide,2,35,a person or thing that shows the way or gives helpful directions,Our guide showed us around the museum.
addition,2,36,the math operation of putting numbers together to find a total,We used addition to find five plus three.
subtraction,2,36,the math operation of taking one number away from another,We used subtraction to find eight minus two.
fiction,2,36,a made-up story that is not presented as fact,The book is a work of fiction.
division,2,36,the math operation of separating a number into equal groups,We used division to share twelve blocks among three groups.
education,2,36,the process of teaching and learning,School is an important part of education.
recreation,2,36,an activity done for fun or relaxation,Swimming is a form of recreation.
confusion,2,36,the feeling of not understanding something clearly,The unclear directions caused confusion.
vacation,2,36,time away from school or work for rest or travel,We visited the beach during vacation.
location,2,36,the place where something is,The map shows our location.
explosion,2,36,a sudden release of energy that can cause a loud blast,We watched a safe science video about an explosion.
direction,2,36,"the way something points, faces, or moves",The arrow shows the direction to walk.
glass,2,36,"a hard, usually clear material used for windows and containers",The window is made of glass.
key,2,36,"a small tool used to open a lock, or something important for solving a problem",I used the key to open the door.
fig,2,36,"a small, soft fruit with many tiny seeds",We sliced a ripe fig for a snack.
context,2,36,the words or situation around something that help explain its meaning,The context helped me understand the new word.
detective,2,36,a person who investigates mysteries or crimes,The detective looked for clues.
high,3,1,far above the ground or greater than usual,The kite flew high in the sky.
every,3,1,"each one in a group, with none left out",Every student received a book.
near,3,1,close in distance or time,The school is near the park.
west,3,1,the direction where the sun appears to set,The sun sets in the west.
dress,3,1,"a one-piece item of clothing, or to put clothes on",She wore a blue dress.
best,3,1,better than all the others,This was her best drawing.
next,3,1,coming immediately after something,Read the next page.
else,3,1,other or in addition,Would you like anything else?
checked,3,1,looked at something to make sure it was correct or safe,I checked my answers twice.
grand,3,1,"large, impressive, or important",They entered a grand hall.
stand,3,1,to be upright on your feet,Please stand beside your desk.
punish,3,1,to give a consequence for breaking a rule,The rule says we should not punish someone unfairly.
monarch,3,1,a king or queen who rules a country,The monarch wore a crown.
migrate,3,1,"to move from one region to another, often with the seasons",Many birds migrate south for winter.
butterfly,3,1,"an insect with four broad, often colorful wings",A butterfly landed on the flower.
nectar,3,1,a sweet liquid made by flowers,The butterfly drank nectar from the flower.
between,3,2,in the space separating two people or things,The ball rolled between the chairs.
own,3,2,"belonging to a particular person, or to possess something",I have my own notebook.
base,3,2,the bottom or supporting part of something,The lamp has a wide base.
country,3,2,a nation with its own land and government,Canada is a country.
plant,3,2,a living thing that usually grows in soil and makes its own food from light,The plant grew toward the window.
slip,3,2,to slide by accident or lose your footing,Be careful not to slip on the wet floor.
lunch,3,2,the meal eaten around the middle of the day,We ate lunch at noon.
pond,3,2,a small body of still water,Frogs lived in the pond.
front,3,2,the part of something that faces forward,Meet me at the front of the building.
thump,3,2,"a heavy, dull sound or hit",The ball landed with a thump.
inches,3,2,units of length; twelve inches equal one foot,The ruler is twelve inches long.
yard,3,2,"a unit of length equal to three feet, or land beside a home",The rope is one yard long.
area,3,2,the amount of surface inside a shape or boundary,We found the area of the rectangle.
formula,3,2,a rule written with numbers or symbols for solving a problem,We used a formula to find the area.
width,3,2,the distance from one side of something to the other,We measured the width of the table.
calculate,3,2,to find an answer using math,Calculate the total before writing the answer.
save,3,3,to keep something for later or protect it from harm,I save part of my allowance.
school,3,3,a place where students learn,We walk to school each morning.
father,3,3,a male parent,Her father helped with the project.
keep,3,3,to continue to have or hold something,You may keep the book for a week.
safe,3,3,protected from danger or harm,Wear a helmet to stay safe.
grade,3,3,a level in school or a score showing quality,She is in third grade.
reached,3,3,arrived at or stretched far enough to touch something,We reached the top of the hill.
raise,3,3,to lift or move something upward,Raise your hand if you know the answer.
theme,3,3,the main idea or message in a story or work,Friendship is a theme of the story.
scream,3,3,"to make a very loud, high sound with the voice",The character let out a scream.
easy,3,3,not difficult,The first question was easy.
highway,3,3,a major road used for travel between places,Cars traveled along the highway.
navigate,3,3,to find and follow a route from one place to another,We used a map to navigate the trail.
ocean,3,3,a very large body of salt water,The whale lives in the ocean.
travel,3,3,to go from one place to another,We travel by train when we visit the city.
direction,3,3,"the way something points, faces, or moves",The arrow shows the direction to walk.
trade,3,4,to exchange one thing for another,The students trade cards with each other.
start,3,4,to begin,We start class at eight o'clock.
city,3,4,a large town where many people live and work,The city has many tall buildings.
earth,3,4,"the ground or soil, or the planet Earth",Seeds grow in the earth.
hope,3,4,to want something good to happen and think it may happen,I hope the weather stays sunny.
stone,3,4,a small piece of rock,A smooth stone lay beside the stream.
follow,3,4,to go after someone or do what instructions say,Follow the path to the playground.
broke,3,4,damaged something or made it stop working; past form of break,The toy broke when it fell.
sign,3,4,"a notice, symbol, or signal that gives information",The sign says to stop.
tiny,3,4,very small,A tiny ant crossed the table.
whole,3,4,all of something; complete,I ate the whole apple.
wave,3,4,"a moving rise of water, or a back-and-forth motion",A wave rolled toward the beach.
current,3,4,"a steady flow of water, air, or electricity",The river current moved the boat.
electric,3,4,using or related to electricity,The electric fan began to spin.
science,3,4,the study of the natural world through observation and testing,We did a science experiment.
round,3,4,shaped like a circle or ball,The plate is round.
upon,3,5,on or just after,The cat jumped upon the chair.
thought,3,5,"an idea in the mind, or past form of think",I had a thought about how to solve it.
gun,3,5,a weapon designed to fire a projectile,The museum displayed an old gun behind glass.
strong,3,5,having a lot of strength or able to resist force,The strong rope held the box.
story,3,5,"a description of events, real or imagined",We read a story about a dragon.
burst,3,5,to break open suddenly or happen with sudden force,The balloon may burst if it gets too full.
strip,3,5,"a long, narrow piece of something",Cut a strip of paper for the project.
stream,3,5,a small flowing body of water,We crossed the stream on a bridge.
street,3,5,a public road in a town or city,The library is across the street.
distance,3,5,the amount of space between two places or things,We measured the distance between the cones.
least,3,5,the smallest amount or number,This jar has the least water.
hundred,3,5,the number 100,There are one hundred cents in a dollar.
east,3,5,the direction where the sun appears to rise,The sun rises in the east.
zero,3,5,"the number 0, meaning none",Five minus five equals zero.
nothing,3,5,not anything,There was nothing inside the empty box.
amount,3,5,how much of something there is,We measured the amount of water.
cried,3,6,shed tears or called out loudly; past form of cry,The baby cried for a few minutes.
dried,3,6,became dry or made something dry; past form of dry,The wet clothes dried in the sun.
milk,3,6,a nutritious liquid produced by mammals and commonly used as a drink,She poured milk into her cereal.
let’s,3,6,let us,Let’s read the next chapter together.
while,3,6,"a period of time, or during the time that something happens",We read while we waited.
known,3,6,recognized or understood; a form of know,The author is known for adventure stories.
knife,3,6,a tool with a sharp blade used for cutting,An adult used a knife to slice the apple.
knock,3,6,to hit a surface to make a sound,Please knock before entering.
wrong,3,6,not correct or not right,"That answer is wrong, so try again."
knot,3,6,a fastening made by looping and tightening rope or string,Tie a knot in the rope.
wrinkle,3,6,"a small line or fold in skin, cloth, or paper",There was a wrinkle in the shirt.
wrap,3,6,"to cover or surround something with paper, cloth, or another material",Wrap the gift in paper.
wrist,3,6,the joint between the hand and arm,She wore a watch on her wrist.
knee,3,6,the joint in the middle of the leg,He bent his knee.
aloud,3,6,in a voice that can be heard,Please read the paragraph aloud.
express,3,6,to show or communicate a thought or feeling,We express our ideas in writing.
along,3,7,moving beside or following the length of something,We walked along the river.
bought,3,7,paid money to get something; past form of buy,She bought a notebook.
close,3,7,near in distance or time,The library is close to our school.
something,3,7,a thing that is not named exactly,I heard something outside the window.
seem,3,7,to appear to be a certain way,The puzzle may seem hard at first.
laughed,3,7,made sounds showing amusement; past form of laugh,We laughed at the funny joke.
lady,3,7,an adult woman,The lady held the door open.
enough,3,7,as much or as many as needed,We have enough chairs for everyone.
graph,3,7,a visual display that shows how numbers or amounts are related,We made a graph of our class survey.
paragraph,3,7,a group of sentences about one main idea,I wrote a paragraph about my pet.
photograph,3,7,a picture made with a camera,I took a photograph of the sunset.
history,3,7,the study or record of events from the past,We learned local history.
village,3,7,"a small community, usually smaller than a town",The village had one main road.
future,3,7,the time that has not happened yet,We talked about jobs we may have in the future.
hometown,3,7,the town or city where a person grew up or lives,She returned to her hometown.
settlers,3,7,people who move to a new place to live there,The settlers built homes near the river.
cloud,3,8,a visible mass of tiny water drops or ice crystals in the sky,A dark cloud moved overhead.
child,3,8,a young person,The child read a book.
open,3,8,"not closed, or to make something not closed",Please open the window.
example,3,8,something used to show what a rule or idea means,The teacher gave an example.
begin,3,8,to start,We begin the lesson after attendance.
chance,3,8,a possibility that something may happen,There is a chance of rain.
match,3,8,"a contest, or something that is the same as another",Our team won the match.
watch,3,8,to look at something carefully for a period of time,We watch the birds at the feeder.
batch,3,8,a group of things made or handled together,We baked a batch of cookies.
steel,3,8,a strong metal made mostly from iron,The bridge is made of steel.
speech,3,8,spoken words or a talk given to an audience,She gave a short speech.
source,3,8,the place or thing something comes from,The river's source is in the mountains.
material,3,8,a substance used to make something,Wood is a building material.
ditch,3,8,"a narrow channel dug in the ground, often for water",Rainwater flowed through the ditch.
women,3,8,more than one adult woman,The women worked together on the project.
iron,3,8,a strong metal element used in many tools and structures,The gate is made of iron.
can’t,3,9,cannot,I can’t reach the top shelf.
shall,3,9,will; used to say what is going to happen,We shall begin after lunch.
those,3,9,the people or things farther away,Those clouds look dark.
both,3,9,the two people or things together,Both answers are correct.
paper,3,9,thin material made from plant fibers and used for writing or printing,Write your name on the paper.
pushed,3,9,used force to move something away; past form of push,She pushed the door open.
sharp,3,9,having a thin edge or point that can cut or pierce,The pencil has a sharp point.
shock,3,9,a sudden surprise or strong reaction,The news came as a shock.
crash,3,9,"to hit something with force, often making a loud sound",The toy cars crash into each other.
showed,3,9,displayed or made something visible; past form of show,He showed us his drawing.
shoes,3,9,coverings worn on the feet,My shoes were muddy.
shoulder,3,9,the body part where the arm joins the upper body,She carried the bag on her shoulder.
product,3,9,"the result of multiplication, or something made for sale",The product of three and four is twelve.
quotient,3,9,the answer to a division problem,The quotient of twelve divided by three is four.
multiplication,3,9,a math operation that combines equal groups,We used multiplication to find four groups of three.
division,3,9,the math operation of separating a number into equal groups,We used division to share twelve blocks among three groups.
together,3,10,with one another,We worked together on the puzzle.
tied,3,10,fastened with a knot or string,She tied her shoes before recess.
group,3,10,a number of people or things together,A group of students worked together.
often,3,10,many times,We often read after dinner.
table,3,10,a piece of furniture with a flat top,We ate lunch at the table.
space,3,10,an empty area or place,Leave some space between the boxes.
fence,3,10,a barrier around an area,A wooden fence surrounds the garden.
price,3,10,the amount of money something costs,The price of the book is five dollars.
office,3,10,a place where people work,The principal is in the school office.
police,3,10,people whose job is to enforce laws and keep others safe,The police helped direct traffic.
pencil,3,10,a tool used for writing or drawing,I sharpened my pencil before class.
civil,3,10,polite and respectful,The students had a civil discussion.
tribal,3,10,relating to a tribe or group of people with shared traditions,The museum displayed tribal artwork.
buffalo,3,10,a large animal with horns and a heavy body,The buffalo grazed on the grass.
dance,3,10,to move your body to music,We learned a new dance in music class.
plains,3,10,large areas of mostly flat land,Tall grasses grow across the plains.
important,3,11,having great value or meaning,It is important to wear a seat belt.
cannot,3,11,is not able to,A fish cannot live out of water for long.
children,3,11,more than one child,The children played on the playground.
wife,3,11,a married woman in relation to her spouse,His wife waved from the doorway.
gentle,3,11,"kind, calm, and not rough",Use a gentle touch with the small plant.
giraffe,3,11,a tall African animal with a very long neck,The giraffe reached leaves high in the tree.
hoe,3,11,a garden tool used to loosen soil or remove weeds,Dad used a hoe in the vegetable garden.
stage,3,11,a step or period in a process,The caterpillar is one stage of a butterfly's life cycle.
engine,3,11,a machine that provides power to make something move,The car engine started quietly.
badge,3,11,a small sign or symbol worn to show a role or achievement,She earned a reading badge.
ginger,3,11,a plant root used to flavor food,A little ginger gave the soup extra flavor.
arctic,3,11,relating to the very cold region around the North Pole,Polar bears live in the Arctic.
adapt,3,11,to change so something works better in a new situation,Animals adapt to changes in their environment.
tundra,3,11,"a cold, treeless region where the ground stays frozen for much of the year",Moss and small plants grow on the tundra.
behavior,3,11,the way a person or animal acts,Kind behavior helps everyone feel welcome.
pelt,3,11,the skin and fur of an animal,The animal’s thick pelt helps keep it warm.
held,3,12,past tense of hold; kept or carried something,She held the door open for her friend.
cross,3,12,to go from one side to the other,We waited for the signal before we crossed the street.
night,3,12,the dark part of the day after sunset,The stars were bright at night.
walk,3,12,to move on foot,We walk to the park after dinner.
picked,3,12,chose or gathered something,He picked a red apple from the tree.
choice,3,12,a decision between two or more possibilities,You have a choice of juice or milk.
voice,3,12,the sound a person makes when speaking or singing,Her voice was easy to hear.
royal,3,12,"relating to a king, queen, or their family",The royal family lived in the palace.
annoy,3,12,to bother or irritate someone,The buzzing fly began to annoy me.
noise,3,12,"a sound, especially one that is loud or unwanted",We heard a strange noise outside.
tomato,3,12,a soft red fruit often used as a vegetable in cooking,We sliced a tomato for the sandwich.
potato,3,12,a round underground vegetable with a starchy inside,She baked a potato for dinner.
citrus,3,12,"fruit such as oranges, lemons, and limes",Oranges are a type of citrus fruit.
nutrients,3,12,substances in food that help living things grow and stay healthy,Vegetables provide many useful nutrients.
vitamins,3,12,nutrients the body needs in small amounts to stay healthy,Fruit contains many vitamins.
vegetable,3,12,a plant or part of a plant eaten as food,Carrots are my favorite vegetable.
sea,3,13,a large body of salt water,We saw boats sailing on the sea.
began,3,13,past tense of begin; started,The movie began at seven o’clock.
shouted,3,13,spoke or called very loudly,She shouted to her friend across the field.
took,3,13,"past tense of take; carried, received, or moved something",He took his backpack to school.
river,3,13,a large natural stream of flowing water,The river flows toward the ocean.
crown,3,13,a special headpiece worn by a king or queen,The queen wore a golden crown.
however,3,13,but; used to show a contrast,"The sky was cloudy; however, it did not rain."
around,3,13,on every side of or in a circle near something,We sat around the campfire.
growl,3,13,"a low, rough sound made by an animal",We heard the dog growl softly.
fountain,3,13,a structure that sends water into the air,Coins sparkled at the bottom of the fountain.
ground,3,13,the surface of the earth,Leaves covered the ground.
pounds,3,13,units used to measure weight,The bag weighs ten pounds.
account,3,13,a record used to keep track of money or information,She checked the balance in her savings account.
drought,3,13,a long period with very little rain,The drought made the soil dry.
remainder,3,13,the amount left over after dividing or taking some away,Ten divided by three has a remainder of one.
object,3,13,a thing that can be seen or touched,The teacher placed an object on the table.
sleep,3,14,to rest with your eyes closed and your body mostly inactive,Most people sleep at night.
carry,3,14,to hold and move something from one place to another,Please carry the books to the shelf.
north,3,14,the direction opposite south,We drove north toward the mountains.
once,3,14,one time,I saw a deer once.
book,3,14,a set of written or printed pages bound together,I borrowed a mystery book from the library.
crawl,3,14,to move slowly on hands and knees or close to the ground,The baby began to crawl across the rug.
laundry,3,14,clothes and other fabric items that need washing or have been washed,We folded the clean laundry.
author,3,14,"a person who writes a book, story, or other work",The author signed my copy of the book.
taught,3,14,past tense of teach; helped someone learn,Our teacher taught us how to multiply.
pause,3,14,to stop for a short time,Pause the video so I can take notes.
dawn,3,14,the time in the morning when daylight first appears,Birds began singing at dawn.
folklore,3,14,traditional stories and beliefs passed down through generations,The class read folklore from several cultures.
custom,3,14,a traditional way of doing something,Sharing this meal is a family custom.
disappear,3,14,to stop being visible or present,The rainbow began to disappear.
willow,3,14,"a tree with long, narrow leaves and flexible branches",A willow grew beside the pond.
traditional,3,14,following customs or ways that have been used for a long time,They cooked a traditional family recipe.
south,3,15,the direction opposite north,The birds flew south for the winter.
sir,3,15,a polite way to address a man,"Yes, sir, I understand."
without,3,15,not having or using something,We went outside without our coats.
second,3,15,a unit of time equal to one sixtieth of a minute,The light flashed for one second.
birds,3,15,more than one bird,Several birds landed on the fence.
loose,3,15,not tight or firmly fixed,One shoelace was loose.
choose,3,15,to decide which person or thing you want,Choose one book to take home.
shook,3,15,past tense of shake; moved quickly back and forth,He shook the bottle before opening it.
understood,3,15,past tense of understand; knew what something meant,I understood the directions after the example.
balloon,3,15,a thin rubber bag that can be filled with air or gas,The red balloon floated near the ceiling.
looked,3,15,used your eyes to see or examine something,She looked both ways before crossing.
moose,3,15,a very large deer with broad antlers,A moose stood near the edge of the forest.
wheel,3,15,a round part that turns and helps a vehicle or machine move,The bicycle wheel spun quickly.
season,3,15,"one of the four parts of the year: spring, summer, fall, or winter",Fall is my favorite season.
axle,3,15,a rod that connects or supports turning wheels,The wheels turn around the axle.
momentum,3,15,the motion an object has because it is moving,The rolling ball gained momentum down the hill.
miss,3,16,"to fail to hit, reach, catch, or experience something",Hurry so we do not miss the bus.
idea,3,16,"a thought, plan, or suggestion",Maya had an idea for the science project.
copy,3,16,to make something the same as another,Copy the sentence into your notebook.
poor,3,16,having little money or not enough of something,The poor soil made it hard for plants to grow.
floor,3,16,the surface you walk on inside a room,The toy rolled across the floor.
started,3,16,began doing or happening,We started our homework after dinner.
stars,3,16,bright objects seen in the night sky that produce their own light,Many stars were visible on the clear night.
carpet,3,16,a thick fabric covering for a floor,We sat on the carpet during story time.
marker,3,16,a pen with a broad felt tip,Use a blue marker for the title.
party,3,16,a gathering where people celebrate or have fun,We had a birthday party after school.
pardon,3,16,to forgive or excuse someone,Please pardon me for interrupting.
lunar,3,16,relating to the moon,A lunar eclipse happens when Earth’s shadow falls on the moon.
cycle,3,16,a set of events that repeats in the same order,We learned about the water cycle.
appearance,3,16,the way someone or something looks,The caterpillar changes its appearance as it becomes a butterfly.
quarter,3,16,one of four equal parts,A quarter of the pizza is two slices.
phase,3,16,a stage in a process or cycle,The moon changes phase during the month.
among,3,17,in the middle of or included with several things,The red marble was among the blue ones.
buy,3,17,to get something by paying money for it,We will buy bread at the store.
fairy,3,17,a tiny magical being in traditional stories,The story was about a fairy in an enchanted forest.
real,3,17,actually existing or true,"The fossil is real, not a copy."
almost,3,17,very nearly but not completely,We are almost finished.
stairs,3,17,a set of steps used to move between levels,We walked up the stairs.
glare,3,17,a very bright light that makes it hard to see,The sun’s glare reflected off the water.
airplane,3,17,a powered vehicle with wings that flies through the air,The airplane flew above the clouds.
airy,3,17,"open, light, and full of fresh air",The large windows made the room feel airy.
repair,3,17,to fix something that is damaged or broken,We need to repair the torn backpack.
prepare,3,17,to get ready for something,We prepare our lunches the night before school.
culture,3,17,"the customs, beliefs, arts, and ways of life shared by a group",Food can teach us about another culture.
delta,3,17,an area of land where a river splits into smaller channels near its mouth,Rich soil formed in the river delta.
bayou,3,17,"a slow-moving stream or swampy waterway, especially in the southern United States",Cypress trees grew beside the bayou.
interact,3,17,to communicate or act with one another,Students interact during the group activity.
establish,3,17,to start or create something meant to last,The town decided to establish a new park.
fly,3,18,to move through the air,Birds use their wings to fly.
born,3,18,brought into life,The puppy was born in the spring.
smell,3,18,to notice an odor with your nose,I can smell bread baking.
sometimes,3,18,on some occasions but not always,Sometimes we eat lunch outside.
mountains,3,18,very high areas of land rising above the land around them,Snow covered the tops of the mountains.
worn,3,18,used or damaged from being used for a long time,His old shoes were worn at the soles.
fourth,3,18,number four in order,She was fourth in line.
war,3,18,a period of armed fighting between countries or groups,The history book explained how the war ended.
horse,3,18,a large four-legged animal often ridden or used for work,The horse trotted around the field.
morning,3,18,the early part of the day before noon,We eat breakfast in the morning.
poured,3,18,made a liquid flow from one container to another,She poured water into the glass.
portrait,3,18,a picture of a person,The artist painted a portrait of her grandmother.
contrast,3,18,a clear difference between two things,The bright flower made a strong contrast with the dark leaves.
value,3,18,"how useful, important, or worth something is",The old photo has special value to our family.
shadow,3,18,a dark shape made when something blocks light,My shadow stretched across the sidewalk.
blood,3,18,the red liquid that moves through the body and carries oxygen and nutrients,The heart pumps blood through the body.
verb,3,19,a word that shows an action or state of being,The word 'run' is a verb.
young,3,19,not old; having lived for only a short time,The young tree is only two years old.
talk,3,19,to speak with someone,We talk quietly during group work.
pulled,3,19,moved something toward yourself or in a direction by using force,He pulled the wagon up the hill.
list,3,19,a group of items written one after another,I made a list of books to read.
here,3,19,in this place,Please put your backpack here.
hear,3,19,to notice sound with your ears,I can hear birds outside.
bare,3,19,not covered,His bare feet touched the sand.
bear,3,19,"a large, furry mammal with a strong body",We saw a bear from a safe distance.
way,3,19,"a method, direction, or path",There is more than one way to solve the problem.
weigh,3,19,to find how heavy something is,We weigh the pumpkin on a scale.
telescope,3,19,an instrument that makes faraway objects look closer,We used a telescope to look at the moon.
magnify,3,19,to make something look larger,A lens can magnify tiny letters.
planets,3,19,large round objects that travel around a star,Earth and Mars are planets in our solar system.
reflect,3,19,"to send light, heat, or sound back from a surface",A mirror can reflect light.
mirror,3,19,a smooth surface that reflects an image,I saw my reflection in the mirror.
sugar,3,20,a sweet substance used in foods and drinks,The recipe uses one spoonful of sugar.
being,3,20,existing or living,Being kind can make someone’s day better.
leave,3,20,to go away from a place,We leave for school at eight o’clock.
noun,3,20,"a word that names a person, place, thing, or idea",The word 'dog' is a noun.
it’s,3,20,it is or it has,It’s time to start class.
flower,3,20,the part of a plant that often has colorful petals,A yellow flower opened in the garden.
flour,3,20,a fine powder made from grain and used in baking,We used flour to make bread.
bored,3,20,feeling tired of having nothing interesting to do,I felt bored during the long wait.
board,3,20,"a long, flat piece of wood or another material",We painted the wooden board.
hair,3,20,thin strands that grow from the skin of people and many animals,She tied her hair back.
hare,3,20,an animal like a large rabbit with long ears and strong legs,The hare ran across the field.
clear,3,20,"easy to see, hear, or understand",The teacher gave clear directions.
fraction,3,20,a number that represents part of a whole,One-half is a fraction.
numerator,3,20,the top number in a fraction,"In three-fourths, three is the numerator."
denominator,3,20,the bottom number in a fraction,"In three-fourths, four is the denominator."
improper,3,20,"not correct or suitable; in math, describing a fraction with a numerator at least as large as its denominator",Seven-fourths is an improper fraction.
perfect,3,21,as good or complete as possible for a purpose,The sunny day was perfect for a picnic.
curled,3,21,formed or moved into a curved or spiral shape,The cat curled its tail around its paws.
church,3,21,a building used for Christian worship,The old church has a tall bell tower.
firm,3,21,"solid, steady, or not easily moved",The mattress felt firm.
skirt,3,21,a piece of clothing that hangs from the waist,She wore a blue skirt.
clerk,3,21,a person who helps customers or keeps records,The store clerk helped us find the item.
shirt,3,21,clothing worn on the upper body,He wore a blue shirt.
person,3,21,one human being,Each person chose a partner.
terms,3,21,"words, conditions, or parts used in a particular subject or agreement",We learned new math terms today.
jerked,3,21,"moved suddenly with a quick, sharp motion",The rope jerked when the dog pulled it.
burned,3,21,was damaged or changed by heat or fire,The toast burned because it stayed in too long.
desert,3,21,a very dry region that gets little rain,Cacti can survive in the desert.
climate,3,21,the usual weather of a place over a long time,"The region has a warm, dry climate."
geography,3,21,"the study of Earth’s places, land, water, and people","In geography, we learned where the major rivers are."
rainfall,3,21,the amount of rain that falls in a place,The garden grew well after heavy rainfall.
forest,3,21,a large area covered mostly with trees,Deer live in the forest.
hugged,3,22,put your arms around someone or something,She hugged her grandmother.
correct,3,22,right or free from mistakes,His answer was correct.
funny,3,22,causing laughter or amusement,The funny story made us laugh.
happy,3,22,feeling pleased or joyful,I felt happy to see my friend.
puppy,3,22,a young dog,The puppy chased a ball.
common,3,22,happening often or found in many places,Robins are common birds in our neighborhood.
collect,3,22,to gather things together,We collect leaves for the science project.
bottles,3,22,more than one bottle,We recycled the empty bottles.
different,3,22,not the same,The two leaves have different shapes.
lesson,3,22,something taught or learned,Today’s lesson is about fractions.
orbit,3,22,the curved path one object follows around another in space,Earth’s orbit takes it around the sun.
position,3,22,the place where something is located,Mark the star’s position on the chart.
solar,3,22,relating to the sun,Solar panels use energy from sunlight.
elliptical,3,22,shaped like an oval,Many planetary orbits are elliptical.
gravity,3,22,the force that pulls objects toward Earth and other masses,Gravity pulls a dropped ball toward the ground.
likely,3,22,probably going to happen or be true,Rain is likely this afternoon.
thick,3,23,having a large distance between opposite sides,The book has a thick cover.
strangest,3,23,most unusual or unfamiliar,That was the strangest cloud shape I have ever seen.
bigger,3,23,larger in size,The blue box is bigger than the red one.
better,3,23,of higher quality or more suitable,This route is better because it is shorter.
highest,3,23,at the greatest height or level,The eagle flew to the highest branch.
tallest,3,23,having the greatest height,The giraffe was the tallest animal there.
richest,3,23,having the most wealth or the greatest amount of something valuable,This soil is richest near the river.
smarter,3,23,"more able to learn, understand, or make good choices",Practice can help us become smarter problem solvers.
louder,3,23,making more sound,The music grew louder.
hotter,3,23,having a higher temperature,The pavement became hotter in the afternoon.
jumped,3,23,pushed yourself off the ground into the air,The frog jumped into the pond.
happiest,3,23,feeling the most happiness,She was happiest when playing with her friends.
data,3,23,facts or information collected for study,We recorded our experiment data in a chart.
measurement,3,23,"a number that tells the size, amount, or degree of something",The ruler gave us an exact measurement.
prettier,3,23,more attractive or pleasing to look at,She thought the second design was prettier.
visit,3,23,to go see a person or place for a time,We will visit the museum on Friday.
notebook,3,24,a book of blank or lined pages for writing notes,I wrote the vocabulary words in my notebook.
sunset,3,24,the time when the sun appears to go below the horizon,The sky turned orange at sunset.
bookcase,3,24,a piece of furniture with shelves for books,The dictionary is on the bookcase.
classroom,3,24,a room where students are taught,Our classroom has a reading corner.
everyone,3,24,every person in a group,Everyone clapped at the end.
football,3,24,a team sport played with an oval ball,They practiced football after school.
sunshine,3,24,light and warmth from the sun,The flowers opened in the sunshine.
rainbow,3,24,an arc of colors sometimes seen when sunlight passes through water drops,A rainbow appeared after the rain.
baseball,3,24,a game in which players hit a ball with a bat and run around bases,We played baseball at the park.
hallway,3,24,a passage inside a building that connects rooms,Students walked quietly through the hallway.
outdoors,3,24,outside rather than inside a building,We ate lunch outdoors.
quiet,3,24,making little or no noise,The library was quiet.
knowledge,3,24,information and understanding gained through learning or experience,Reading can increase your knowledge.
outcome,3,24,the result of an action or event,The experiment had an unexpected outcome.
organize,3,24,to arrange things in an orderly way,I organize my desk before starting work.
review,3,24,to look at or study something again,We review our notes before the test.
winter,3,25,the coldest season of the year,Snow often falls here in winter.
army,3,25,a large organized group of soldiers who fight on land,The history lesson described the country’s army.
cellar,3,25,"a room below ground level, often used for storage",The family stored jars in the cellar.
garden,3,25,"an area where flowers, vegetables, or other plants are grown",Tomatoes grow in our garden.
market,3,25,a place or system where people buy and sell goods,We bought fruit at the farmers market.
basket,3,25,a container usually woven from strips of material,She carried apples in a basket.
welcome,3,25,to greet someone gladly or make them feel accepted,We welcome new students to our class.
until,3,25,up to a certain time,We read until bedtime.
always,3,25,at all times or every time,I always brush my teeth before bed.
cowboy,3,25,"a person who works with cattle, often on horseback",The cowboy guided the cattle across the ranch.
lasso,3,25,a rope with a loop used to catch animals,The rancher practiced throwing a lasso.
barter,3,25,to trade goods or services without using money,The neighbors agreed to barter vegetables for eggs.
continuity,3,25,the state of continuing without a break,The same characters give the story continuity.
change,3,25,to make or become different,Leaves change color in the fall.
worth,3,25,the value or usefulness of something,The old coin is worth five dollars.
whose,3,25,belonging to which person,Whose jacket is on the chair?
cabin,3,26,"a small, simple house or room",We stayed in a cabin near the lake.
rule,3,26,a direction that tells what is allowed or how something should be done,One classroom rule is to listen when others speak.
music,3,26,organized sounds made by voices or instruments,We listened to music during art class.
tiger,3,26,a large wild cat with orange fur and dark stripes,The tiger moved quietly through the grass.
behind,3,26,at or toward the back of something,The backpack is behind the chair.
rewind,3,26,to move a recording or tape back to an earlier part,Please rewind the video to the beginning.
focus,3,26,to give your attention to something,Try to focus on one problem at a time.
belong,3,26,to be owned by or be a proper part of something,These books belong on the top shelf.
family,3,26,a group of people related to one another or living together as a family,Her family ate dinner together.
brother,3,26,a male sibling,My brother helped me build the model.
motel,3,26,"a place where travelers can rent a room, often near a road",We stayed at a motel during our trip.
conduct,3,26,"to lead, manage, or carry out something",The class will conduct a science experiment.
lightning,3,26,a bright flash of electricity in the atmosphere during a storm,Lightning flashed across the sky.
volts,3,26,units used to measure electric potential,The battery is labeled with its number of volts.
complex,3,26,made of many connected parts; not simple,The machine has a complex system of gears.
particle,3,26,a very tiny piece of matter,A speck of dust is a tiny particle.
liked,3,27,past tense of like; enjoyed or approved of something,I liked the book’s ending.
worried,3,27,felt concerned or nervous about something,She worried about missing the bus.
rolling,3,27,moving by turning over and over,The rolling ball crossed the floor.
singing,3,27,making musical sounds with the voice,We heard birds singing outside.
swimming,3,27,moving through water using the body,The children were swimming in the pool.
settled,3,27,"became calm, still, or established in a place",The dust settled after the truck passed.
talked,3,27,spoke with someone,We talked about the story after reading it.
hurried,3,27,moved or acted quickly,He hurried to catch the bus.
buying,3,27,getting something by paying money for it,We are buying fruit for the picnic.
trying,3,27,making an effort to do something,She is trying to solve the puzzle.
leaving,3,27,going away from a place,The train is leaving the station.
diving,3,27,moving or jumping quickly into water,The duck is diving beneath the surface.
icing,3,27,a sweet topping used on cakes and pastries,She spread icing on the cupcake.
compare,3,27,to examine two or more things to see how they are alike or different,Compare the two graphs.
decimal,3,27,a number written using a decimal point,Three and five-tenths can be written as the decimal 3.5.
simplify,3,27,to make something easier or less complicated,We simplify the fraction by dividing both numbers by two.
permission,3,28,approval to do something,We asked permission before leaving the classroom.
confession,3,28,an admission that you did something wrong or kept something secret,His confession explained who had broken the vase.
vision,3,28,"the ability to see, or an idea of what something could become",Good vision helps us see details clearly.
please,3,28,to make someone happy or satisfied,The surprise gift will please her.
action,3,28,something that is done,Picking up the litter was a helpful action.
quotation,3,28,words repeated exactly from what someone said or wrote,She used a quotation from the book in her report.
hunting,3,28,searching for animals or something that is hard to find,We went hunting for clues in the scavenger hunt.
nation,3,28,a country and its people,Canada is a nation in North America.
combination,3,28,two or more things joined or used together,Blue and yellow make a useful color combination.
question,3,28,something asked to get information,She raised her hand to ask a question.
attention,3,28,careful focus on something,Please give your attention to the directions.
independence,3,28,freedom to make choices or act without being controlled by others,Learning new skills can give a person more independence.
constitution,3,28,a set of basic rules and principles for governing a country or organization,The United States Constitution describes how the federal government works.
majority,3,28,more than half of a group,The majority of the class chose the blue design.
exact,3,28,completely correct or precise,Use a ruler to find the exact length.
national,3,28,relating to an entire country,The national flag flew above the building.
beautiful,3,29,"very pleasing to see, hear, or experience",The sunset was beautiful.
cheerful,3,29,happy and positive,Her cheerful greeting made us smile.
harmful,3,29,able to cause damage or injury,Too much sun can be harmful to skin.
playful,3,29,full of fun and ready to play,The playful puppy chased its tail.
useful,3,29,helpful for a purpose,A flashlight is useful in the dark.
colorful,3,29,having many bright or noticeable colors,We saw a colorful mural on the wall.
thankfully,3,29,in a way that shows gratitude; fortunately,"Thankfully, the rain stopped before recess."
joyfully,3,29,in a very happy way,The children cheered joyfully.
helpfully,3,29,in a way that gives useful help,He helpfully carried the extra books.
painfully,3,29,in a way that causes or involves pain,She landed painfully on her knee.
carefully,3,29,with attention and caution,Carefully place the glass on the table.
feature,3,29,an important or noticeable part of something,A camera is a useful feature on the tablet.
bountiful,3,29,large in amount; plentiful,The garden produced a bountiful crop of tomatoes.
temperature,3,29,a measure of how hot or cold something is,The thermometer shows the outside temperature.
difference,3,29,a way in which two things are not the same,What is the difference between a square and a rectangle?
thermometer,3,29,a tool used to measure temperature,We used a thermometer to measure the water temperature.
lonely,3,30,sad because you are alone or without companionship,The new student felt lonely until someone invited him to play.
suddenly,3,30,quickly and unexpectedly,The lights suddenly went out.
actually,3,30,in fact; really,The tiny box is actually quite heavy.
personally,3,30,as an individual or according to your own opinion,I personally prefer the blue design.
especially,3,30,more than usual or more than others,"I like fruit, especially strawberries."
formally,3,30,in an official or proper way,The mayor formally opened the new library.
rapidly,3,30,very quickly,The river rose rapidly after the storm.
dangerously,3,30,in a way that could cause harm,The car was moving dangerously fast.
tenderly,3,30,in a gentle and caring way,She tenderly held the tiny kitten.
lovely,3,30,very pleasant or beautiful,We had a lovely afternoon at the park.
nicely,3,30,"in a pleasant, kind, or satisfactory way",The pieces fit together nicely.
audience,3,30,a group of people watching or listening to a performance or speaker,The audience clapped after the play.
orchestra,3,30,a large group of musicians who play instruments together,The orchestra played a lively song.
apron,3,30,a piece of clothing worn over the front of clothes to keep them clean,He wore an apron while baking.
balcony,3,30,a platform that sticks out from an upper floor or a raised seating area,We watched the play from the balcony.
curtain,3,30,a piece of cloth hung to cover a window or stage,The curtain opened at the start of the show.
comfortable,3,31,making you feel relaxed and not in pain,The chair was comfortable.
honorably,3,31,in an honest and respectful way,She acted honorably and told the truth.
erasable,3,31,able to be removed with an eraser,Use an erasable pencil for the first draft.
available,3,31,ready to be used or obtained,The book is available at the library.
portable,3,31,easy to carry or move,A flashlight is a portable light.
laughable,3,31,so silly or unreasonable that it may cause laughter,The cartoon villain had a laughable plan.
irritably,3,31,in an annoyed or impatient way,He answered irritably after being interrupted.
feeling,3,31,an emotion or a sense of something,Excitement is a feeling many people have before a trip.
capable,3,31,having the ability to do something,She is capable of solving the puzzle on her own.
disposable,3,31,made to be thrown away after use,The picnic plates were disposable.
reusable,3,31,able to be used again,We bring reusable water bottles to school.
tube,3,31,a long hollow object that can hold or carry something,The toothpaste comes in a tube.
syllable,3,31,a beat or unit of sound in a spoken word,The word robot has two syllables.
perimeter,3,31,the distance around the outside edge of a shape,Add all four sides to find the rectangle’s perimeter.
sum,3,31,the answer to an addition problem,The sum of six and four is ten.
general,3,31,not specific; applying to many or most things,The teacher gave us a general idea of the project.
penny,3,32,a United States coin worth one cent,I found a penny on the sidewalk.
pennies,3,32,more than one penny,There were five pennies in the jar.
empty,3,32,containing nothing,The glass was empty.
emptied,3,32,removed everything from something,She emptied the basket onto the table.
parties,3,32,more than one party,The park hosts several birthday parties each month.
families,3,32,more than one family,Many families attended the school picnic.
mystery,3,32,something that is unknown or difficult to explain,The missing key was a mystery.
mysteries,3,32,more than one mystery,She enjoys books about mysteries.
discovery,3,32,the act of finding or learning something new,The fossil was an exciting discovery.
married,3,32,joined in marriage,The couple married in a small ceremony.
carried,3,32,held and moved something from one place to another,He carried the box upstairs.
jury,3,32,a group of people who listen to evidence in court and help decide a case,The jury listened carefully to the testimony.
argument,3,32,"a disagreement, or a set of reasons used to support an idea",Her argument included facts from the article.
verdict,3,32,a decision made by a jury in a court case,The jury announced its verdict.
guilty,3,32,responsible for doing something wrong or against the law,The court must decide whether the person is guilty.
lawyer,3,32,a person trained to give legal advice and represent people in court,The lawyer explained the case to her client.
he’s,3,33,he is or he has,He’s ready for the game.
she’s,3,33,she is or she has,She’s reading a new book.
didn’t,3,33,did not,We didn’t have school on Saturday.
isn’t,3,33,is not,The box isn’t very heavy.
you’re,3,33,you are,You’re doing a careful job.
we’re,3,33,we are,We’re learning about planets.
they’re,3,33,they are,They’re playing outside.
there’s,3,33,there is or there has,There’s a bird in the tree.
haven’t,3,33,have not,We haven’t finished the puzzle yet.
won’t,3,33,will not,I won’t forget my homework.
don’t,3,33,do not,I don’t want to miss the bus.
extinct,3,33,no longer existing because all members of a species have died,Dinosaurs such as Triceratops are extinct.
natural,3,33,existing in or coming from nature rather than being made by people,The cave formed through natural processes.
species,3,33,a group of living things that share important traits and can reproduce with one another,The bald eagle is a species of bird.
condor,3,33,a very large vulture found in the Americas,The condor spread its wide wings.
wasn’t,3,33,was not,The test wasn’t as hard as I expected.
we’ll,3,34,we will,We’ll finish the project tomorrow.
I’ll,3,34,I will,I’ll help clean the table.
he’ll,3,34,he will,He’ll bring the book tomorrow.
she’ll,3,34,she will,She’ll meet us after lunch.
you’ll,3,34,you will,You’ll see the library on your left.
they’ll,3,34,they will,They’ll arrive after dinner.
you’ve,3,34,you have,You’ve made a strong start.
they’ve,3,34,they have,They’ve already finished their work.
I’ve,3,34,I have,I’ve seen that movie before.
I’d,3,34,I would or I had,I’d like to read that book.
we’d,3,34,we would or we had,We’d like to visit the museum.
she’d,3,34,she would or she had,She’d like another turn.
elapse,3,34,"to pass, especially when talking about time",Ten minutes will elapse before the next round.
interaction,3,34,communication or action between people or things,Group work gives students a chance for interaction.
sundial,3,34,a device that tells time by the position of the sun’s shadow,The sundial showed that it was nearly noon.
atomic,3,34,"relating to atoms, the tiny units that make up matter",Scientists study atomic structure.
under,3,35,below or beneath something,The ball rolled under the couch.
swim,3,35,to move through water using your body,I learned to swim at the pool.
never,3,35,not at any time,I never leave my bike in the rain.
main,3,35,most important or largest,The main idea tells what a passage is mostly about.
center,3,35,the middle point or part of something,Place the dot in the center of the circle.
border,3,35,a line or edge that separates areas,The river forms part of the state border.
fever,3,35,a body temperature higher than normal,A fever can be a sign that the body is fighting an illness.
sister,3,35,a female sibling,My sister helped me with the puzzle.
whether,3,35,if one choice or another is true,We wondered whether it would rain.
answer,3,35,a response to a question,She knew the answer to the math problem.
shower,3,35,"a device that sprays water for washing, or a short period of rain",A quick rain shower passed over the park.
local,3,35,relating to a nearby area,We visited the local library.
explorer,3,35,a person who travels to learn about unfamiliar places,The explorer mapped the coastline.
government,3,35,"the group or system that makes and carries out rules for a country, state, or community",The city government manages local services.
federal,3,35,relating to the national government of a country,Federal laws apply across the country.
state,3,35,one of the main political areas that make up a country such as the United States,Virginia is a state on the East Coast.
total,3,36,the complete amount or number,The total number of apples is twelve.
central,3,36,"in or near the center; also, especially important",The library is in the central part of town.
final,3,36,last; coming at the end,We answered the final question.
simple,3,36,easy to understand or having few parts,The directions were simple.
chuckle,3,36,to laugh quietly,I had to chuckle at the silly joke.
giggle,3,36,to laugh lightly in short bursts,The funny puppet made the children giggle.
middle,3,36,the part equally between two ends or sides,She stood in the middle of the line.
signal,3,36,"a sign, sound, or action that gives information or instructions",The traffic light gave a signal to stop.
handle,3,36,a part made for holding or controlling an object,Turn the door handle to open it.
candle,3,36,a stick of wax with a wick that burns to give light,We lit a candle during the power outage.
uncle,3,36,the brother of a parent or the husband of an aunt,My uncle taught me how to fish.
piano,3,36,a musical instrument with keys that cause hammers to strike strings,She practices the piano after school.
ivory,3,36,"a hard material from animal tusks, especially elephants; also a creamy white color",The old piano keys were an ivory color.
musical,3,36,relating to music or able to make music,She has a strong musical talent.
modify,3,36,"to change something, usually in a small or useful way",We can modify the plan if the weather changes.
clarify,3,36,to make something easier to understand,The teacher gave an example to clarify the directions.
rolled,4,1,moved by turning over and over,The ball rolled down the hill.
finger,4,1,one of the five parts at the end of a hand,She pointed with her finger.
except,4,1,not including; leaving out,Everyone came except Mia.
speed,4,1,how fast something moves,The car reduced its speed near the school.
couldn’t,4,1,could not; was not able to,She couldn't find her red pencil.
eleven,4,1,the number after ten,There are eleven players on the team.
catch,4,1,to stop and hold something moving through the air,Try to catch the ball.
itself,4,1,that same thing or animal,The door closed by itself.
stolen,4,1,taken by someone without permission,The stolen bike was returned to its owner.
button,4,1,a small fastener used on clothing or a control you press,He fastened the top button on his coat.
bargain,4,1,something bought for a good price,The discounted backpack was a bargain.
certain,4,1,sure or known to be true,I am certain that I packed my lunch.
orphan,4,1,a child whose parents have died,The novel tells the story of an orphan who finds a new home.
opinion,4,1,a belief or judgment that may differ from another person’s,"In my opinion, the blue design looks best."
oxen,4,1,more than one ox,The oxen pulled the heavy wagon.
latitude,4,1,"distance north or south of the equator, measured in degrees",Maps use latitude to show how far north or south a place is.
longitude,4,1,"distance east or west of a starting line, measured in degrees",Longitude helps locate places east or west around Earth.
compass,4,1,a tool that shows directions such as north and south,We used a compass to find north.
absolute,4,1,complete or total; not depending on anything else,The ruler gave us an absolute measurement from zero.
equator,4,1,an imaginary line around the middle of Earth,The equator divides Earth into northern and southern halves.
yourself,4,2,the same person who is being spoken to,You can tie your shoes by yourself.
maybe,4,2,perhaps; possibly,Maybe we can play outside later.
veteran,4,2,"a person with long experience, especially someone who served in the military",The veteran spoke to the class about her service.
complete,4,2,having all needed parts; finished,Please complete the last question.
rather,4,2,"somewhat, or instead",The water was rather cold.
crowd,4,2,a large group of people gathered together,A crowd waited outside the stadium.
since,4,2,from a past time until now,I have lived here since June.
fresh,4,2,"new, clean, or recently made",We ate fresh strawberries.
piece,4,2,a part of something larger,She cut a piece of paper.
cotton,4,2,a soft fiber from a plant used to make cloth,This shirt is made of cotton.
colon,4,2,"a punctuation mark made of two dots, used before a list or explanation",Use a colon before the list of supplies.
rainforest,4,2,a warm forest that receives a great deal of rain,Many kinds of plants and animals live in the rainforest.
heaven,4,2,"in many religions, a place or state of peace after death",The story described heaven as a peaceful place.
satin,4,2,"a smooth, shiny fabric",The ribbon was made of satin.
penguin,4,2,a flightless bird that swims and lives mostly in the Southern Hemisphere,The penguin slid across the ice.
tropical,4,2,relating to warm regions near the equator,Bananas grow well in tropical climates.
organism,4,2,an individual living thing,A tree is a living organism.
ecosystem,4,2,a community of living things and their environment,"A pond is an ecosystem with plants, animals, water, and soil."
community,4,2,a group of people who live or work in the same area,Our community has a public library.
reproduce,4,2,to produce new living things of the same kind,Plants reproduce by making seeds or spores.
usually,4,3,most of the time,We usually eat dinner at six.
character,4,3,a person or animal in a story,My favorite character is the brave explorer.
friend,4,3,"a person you know, like, and trust",I shared my lunch with a friend.
whom,4,3,which person; used as the object of a verb or preposition,Whom did the teacher choose?
heard,4,3,past tense of hear; noticed a sound,We heard thunder in the distance.
order,4,3,"the arrangement or sequence of things, or a direction to do something",Put the numbers in order from least to greatest.
villain,4,3,a character who does harmful or dishonest things in a story,The hero escaped from the villain.
basin,4,3,a wide bowl or a low area of land that collects water,Rainwater collects in the river basin.
carton,4,3,a box or container made of cardboard or similar material,We opened a carton of milk.
become,4,3,to begin to be something different,The caterpillar will become a butterfly.
muffin,4,3,a small baked bread or cake,I ate a blueberry muffin.
pumpkin,4,3,"a large round fruit with a thick rind, often orange",We carved a pumpkin in October.
deposit,4,3,"to put something in a place, especially money in a bank",She will deposit the check in her account.
cannon,4,3,a large heavy gun that fires projectiles,The old fort displayed a historic cannon.
poison,4,3,a substance that can cause serious harm if taken into the body,Keep poison and cleaning chemicals away from children.
origin,4,3,the place or point where something begins,We studied the origin of the river.
prime,4,3,"most important or, in math, having exactly two factors",Seven is a prime number.
elbow,4,3,the joint in the middle of the arm,He bent his elbow.
perch,4,3,"a place where a bird rests, or to rest on something high",The bird sat on a perch.
shorten,4,3,to make something shorter,We can shorten the rope by cutting off one end.
twelve,4,4,the number after eleven,There are twelve months in a year.
proverb,4,4,a short traditional saying that gives advice or expresses a common truth,“Practice makes progress” works like a proverb.
across,4,4,from one side to the other,We walked across the bridge.
today,4,4,this day,Today we are learning about plants.
during,4,4,while something is happening,We stayed quiet during the movie.
metaphor,4,4,a comparison that says one thing is another without using like or as,“The classroom was a zoo” is a metaphor.
simile,4,4,a comparison that usually uses like or as,“The cloud was like cotton” is a simile.
quiz,4,4,a short test,We took a spelling quiz on Friday.
pupil,4,4,"a student, or the dark center of the eye",Each pupil received a worksheet.
proposal,4,4,a plan or suggestion offered for others to consider,The class voted on a proposal for a new club.
bridal,4,4,relating to a bride or a wedding,The shop displayed a bridal gown.
dental,4,4,relating to teeth,A dental checkup helps keep teeth healthy.
gerbil,4,4,a small desert rodent often kept as a pet,The gerbil dug through its bedding.
nasal,4,4,relating to the nose,The nasal passage helps air move through the nose.
postal,4,4,relating to mail or the mail service,The postal worker delivered the package.
hemisphere,4,4,one half of Earth or another sphere,Virginia is in the Northern Hemisphere.
immigrant,4,4,a person who moves to another country to live there,The immigrant family built a new life in their new country.
passage,4,4,a section of writing or a way through a place,Read the passage and answer the questions.
population,4,4,all the people or living things of a certain kind in an area,The city’s population grew over ten years.
pioneer,4,4,a person who is among the first to explore or settle a place or develop an idea,The pioneer traveled west in a wagon.
stencil,4,5,a sheet with shapes cut out so a design can be copied,We used a stencil to paint stars.
twenty,4,5,the number after nineteen,There are twenty students in the room.
tranquil,4,5,calm and peaceful,The lake looked tranquil at sunrise.
happened,4,5,took place or occurred,The teacher asked what happened during the experiment.
whine,4,5,"to make a long, high complaining sound",The puppy began to whine at the door.
fossil,4,5,the preserved remains or trace of an ancient living thing,We saw a fossil of a shell in the rock.
remember,4,5,to keep or bring something back to mind,Remember to bring your library book.
early,4,5,before the usual or expected time,We arrived early for the game.
utensil,4,5,"a tool used for a particular task, especially eating or cooking",A spoon is a common kitchen utensil.
mortal,4,5,able to die; relating to human life,All living animals are mortal.
normal,4,5,usual or expected,The temperature returned to normal.
mental,4,5,relating to the mind or thinking,Solving puzzles is a mental activity.
neutral,4,5,not supporting either side; neither positive nor negative,The referee remained neutral.
partial,4,5,not complete; only a part,A partial answer earns some credit.
council,4,5,a group of people chosen to make decisions or give advice,The student council planned the fundraiser.
eclipse,4,5,an event when one object in space blocks the light from another,We wore proper eye protection to observe the solar eclipse.
diamond,4,5,a very hard gemstone made of carbon,The museum displayed a small diamond.
corona,4,5,"the outer atmosphere of the sun, visible during a total solar eclipse",The sun’s corona appeared around the dark moon.
retain,4,5,to keep or continue to have something,The soil can retain water after rain.
resist,4,5,to oppose or avoid being changed or moved,The strong material can resist tearing.
thirty,4,6,the number after twenty-nine,There are thirty days in April.
synonym,4,6,a word with the same or nearly the same meaning as another word,“Large” is a synonym for “big.”
antonym,4,6,a word with the opposite meaning of another word,“Cold” is an antonym for “hot.”
emotion,4,6,"a feeling such as happiness, fear, anger, or sadness",Excitement is a strong emotion.
covered,4,6,put something over or on top of another thing,Snow covered the ground.
anyone,4,6,any person,Anyone may raise a hand to answer.
several,4,6,more than two but not a large number,Several students raised their hands.
juvenile,4,6,young; not yet an adult,The juvenile bird had not grown full feathers.
reptile,4,6,"a cold-blooded animal such as a snake, lizard, turtle, or crocodile",A snake is a reptile.
toward,4,6,in the direction of,We walked toward the playground.
fragile,4,6,easy to break or damage,The glass ornament is fragile.
hostile,4,6,unfriendly or ready to fight,The animal became hostile when threatened.
mobile,4,6,able to move or be moved easily,The robot is mobile and can travel across the room.
tonsil,4,6,one of the small masses of tissue at the back of the throat,The doctor checked her tonsils.
evil,4,6,very harmful or morally wrong,The story’s evil ruler was defeated.
movement,4,6,the act or process of moving,We observed the movement of the pendulum.
depend,4,6,to need or rely on someone or something,Plants depend on light and water.
destroy,4,6,to damage something so badly that it no longer exists or works,A strong fire can destroy a building.
celebrate,4,6,to honor a special event with enjoyable activities,We celebrate birthdays with family.
factory,4,6,a building where goods are made,The factory produces bicycles.
bytes,4,7,units of digital information; one byte usually contains eight bits,The file uses many bytes of storage.
extend,4,7,to make longer or reach farther,Extend the ruler across the page.
keyboard,4,7,a set of keys used to type into a computer or other device,She typed her name on the keyboard.
monitor,4,7,a screen that displays information from a computer,The picture appeared on the monitor.
vowel,4,7,"a speech sound made without blocking the airflow; in English, usually a, e, i, o, or u",The word “cat” has one vowel.
portal,4,7,a website or page that gives access to information or services,We logged in through the school portal.
tunnel,4,7,a passage built through or under something,The train passed through a tunnel.
against,4,7,touching or in opposition to something,The ladder rested against the wall.
channel,4,7,a path used to send information or signals,The data travels through a communication channel.
numerical,4,7,relating to numbers,Put the data in numerical order.
fatal,4,7,causing death,Some diseases can be fatal without treatment.
oval,4,7,a rounded shape like a stretched circle,She drew an oval around the answer.
towel,4,7,a piece of absorbent cloth used for drying,He dried his hands with a towel.
chapel,4,7,a small building or room used for religious worship,The old school has a small chapel.
tinsel,4,7,"thin, shiny strips used as decoration",Silver tinsel sparkled on the tree.
dispersal,4,7,the act of spreading things over a wider area,Wind helps with seed dispersal.
compatible,4,7,able to work or exist well together,The charger is compatible with this tablet.
pattern,4,7,a repeated design or regular arrangement,The tiles form a repeating pattern.
sequence,4,7,a set of things arranged in a particular order,Put the events in the correct sequence.
determine,4,7,to find out or decide something,Use the clues to determine the answer.
lettuce,4,8,a leafy green vegetable often used in salads,We put lettuce on the sandwich.
spinach,4,8,a dark green leafy vegetable,We added spinach to the salad.
slowly,4,8,at a low speed,The turtle moved slowly across the path.
squash,4,8,a vegetable that grows on a vine and can have many shapes and colors,We roasted squash for dinner.
carrot,4,8,a long orange root vegetable,The rabbit ate a carrot.
onion,4,8,a round vegetable with layers and a strong smell or taste,We chopped an onion for the soup.
jungle,4,8,a thick tropical forest with dense plant growth,Many animals live in the jungle.
crumble,4,8,to break into small pieces,The dry cookie began to crumble.
cable,4,8,a thick wire or group of wires used to carry signals or electricity,Connect the cable to the monitor.
puzzle,4,8,a problem or game that requires thought to solve,We worked together on a puzzle.
ankle,4,8,the joint connecting the foot and lower leg,She twisted her ankle while running.
freckle,4,8,a small brown spot on the skin,A freckle appeared on his nose.
knuckle,4,8,a joint of a finger,He bent his knuckle.
sprinkle,4,8,to scatter small drops or pieces over something,Sprinkle a little cheese on top.
dimple,4,8,"a small hollow in the skin, often on the cheek",She has a dimple when she smiles.
camouflage,4,8,colors or patterns that help something blend into its surroundings,The insect’s camouflage made it hard to see.
habitat,4,8,the natural home of a plant or animal,A wetland is a habitat for many birds.
prey,4,8,an animal hunted and eaten by another animal,A rabbit can be prey for a fox.
imitate,4,8,"to copy the actions, sounds, or appearance of something",The child tried to imitate the bird’s call.
predator,4,8,an animal that hunts other animals for food,A hawk is a predator.
thirteen,4,9,the number after twelve,There are thirteen stripes on the U.S. flag.
appoint,4,9,to choose someone for a job or position,The club will appoint a new treasurer.
discuss,4,9,to talk about something with others,We will discuss the story in class.
demand,4,9,to ask for something firmly or require it,The coach did not demand perfection.
request,4,9,to politely ask for something,She made a request for more time.
relief,4,9,a feeling of comfort after worry or pain ends,We felt relief when the lost dog came home.
structure,4,9,something built or arranged from connected parts,A bridge is a large structure.
signature,4,9,a person’s name written in their own way,Please add your signature to the form.
furniture,4,9,"movable objects such as tables, chairs, and beds used in rooms",The room had simple wooden furniture.
departure,4,9,the act of leaving a place,Our departure is scheduled for noon.
capture,4,9,to catch and hold something or someone,The camera can capture a clear image.
miniature,4,9,much smaller than the usual size,The museum displayed a miniature model of the town.
creature,4,9,"a living being, especially an animal",A tiny sea creature hid under the rock.
fixture,4,9,an object fixed in place as part of a building,The sink is a bathroom fixture.
figure,4,9,"a number, shape, person, or drawing",The figure in the diagram is a triangle.
continent,4,9,one of Earth’s large land areas,Africa is a continent.
railroad,4,9,a system of tracks and trains used for transportation,The railroad connects the two cities.
architecture,4,9,the art and design of buildings,We studied the architecture of the old courthouse.
view,4,9,what can be seen from a place,The mountain view was beautiful.
transportation,4,9,the movement of people or goods from one place to another,Buses provide public transportation.
fourteen,4,10,the number after thirteen,There are fourteen days in two weeks.
plenty,4,10,a large enough amount or more than enough,We have plenty of time to finish.
relax,4,10,to become less tense and rest,I like to relax by reading.
bureau,4,10,a chest of drawers or an office that provides a service,She kept sweaters in the bureau.
plateau,4,10,"a large area of high, flat land",The hikers reached a broad plateau.
field,4,10,"an open area of land, often used for farming or sports",The team practiced on the field.
clause,4,10,a group of words with a subject and a verb,The sentence contains two clauses.
sentence,4,10,a group of words that expresses a complete thought,The sentence begins with a capital letter.
sketch,4,10,"a quick, simple drawing",She made a sketch before painting.
rancher,4,10,a person who owns or works on a ranch,The rancher cared for cattle.
bleacher,4,10,a long raised seat for people watching sports,We sat on the bleacher to watch the game.
richer,4,10,having more wealth or more of something valuable,The soil became richer after compost was added.
voucher,4,10,"a document or code that can be exchanged for goods, services, or money",We used a voucher to pay for the ticket.
pitcher,4,10,a container with a handle and spout for pouring liquids,She poured water from the pitcher.
catcher,4,10,"a person or thing that catches; in baseball, the player behind home plate",The catcher wore a mask and mitt.
earthquake,4,10,a sudden shaking of the ground caused by movement in Earth's crust,The earthquake made the ground shake.
scale,4,10,a system used to measure or compare the size or amount of something,Scientists use a scale to describe earthquake strength.
tremor,4,10,a small or slight shaking movement,A small tremor was felt before the larger quake.
fault,4,10,a crack in Earth's crust where blocks of rock can move,The earthquake happened along a fault.
crust,4,10,"Earth's thin, solid outer layer",We live on Earth's crust.
forty,4,11,the number after thirty-nine,Four tens equal forty.
English,4,11,the English language,We read and write in English.
split,4,11,to divide something into parts,We split the class into two groups.
half,4,11,one of two equal parts,She ate half of the sandwich.
minus,4,11,the sign or operation used for subtraction,Five minus two equals three.
plus,4,11,the sign or operation used for addition,Three plus four equals seven.
totally,4,11,completely,The road was totally covered with snow.
really,4,11,truly or actually,The puzzle was really challenging.
finally,4,11,at last; after some time,We finally reached the top of the hill.
locally,4,11,in or near a particular area,The vegetables were grown locally.
fresher,4,11,more fresh or recently made,The bread from the bakery tasted fresher.
usher,4,11,a person who shows people to their seats,The usher showed us where to sit.
gusher,4,11,something that sends out a strong flow of liquid,The broken pipe became a gusher.
crusher,4,11,a machine that presses or breaks things into smaller pieces,The crusher broke the rocks into smaller pieces.
flasher,4,11,a light or device that flashes on and off,The bicycle has a red flasher for safety.
balance,4,11,"an even or steady position, or the amount left in an account",She kept her balance on the beam.
arithmetic,4,11,basic math using numbers and operations such as addition and subtraction,We practiced arithmetic in math class.
parentheses,4,11,curved marks ( ) used to set extra information apart,The sentence has a note inside parentheses.
bracket,4,11,one of a pair of marks used to group or set information apart,The numbers inside the bracket belong together.
percent,4,11,a number out of one hundred,Fifty percent is the same as one half.
slide,4,12,a sloped playground structure that people move down,The children took turns on the slide.
swings,4,12,seats hanging from chains or ropes that move back and forth,The swings moved back and forth.
goal,4,12,something a person tries to achieve,My goal is to finish the book this week.
coach,4,12,a person who teaches and guides a team or performer,Our coach showed us a new drill.
became,4,12,past tense of become; began to be,The sky became darker before the storm.
shown,4,12,past participle of show; displayed or made visible,The map was shown on the screen.
blown,4,12,moved or affected by wind or air,Leaves had blown across the yard.
pasture,4,12,grass-covered land where farm animals feed,The cows grazed in the pasture.
adventure,4,12,an exciting or unusual experience,Our camping trip was an adventure.
literature,4,12,"written works such as stories, poems, and plays",We read children’s literature from several countries.
lecture,4,12,a talk given to teach people about a subject,The scientist gave a short lecture about space.
mixture,4,12,two or more substances combined without becoming a new substance,Trail mix is a mixture of several foods.
moisture,4,12,a small amount of water or other liquid,The soil held enough moisture for the seeds.
puncture,4,12,a small hole made by something sharp,A nail caused a puncture in the bicycle tire.
sculpture,4,12,a work of art made by shaping or combining materials,The stone sculpture stood in the garden.
brass,4,12,a family of musical instruments played by blowing through a mouthpiece,The trumpet is a brass instrument.
violin,4,12,a small string instrument played with a bow,She played the violin in the orchestra.
instruments,4,12,tools used to make music or perform a task,The band tuned its instruments.
percussion,4,12,"musical instruments played by striking, shaking, or scraping them",Drums are percussion instruments.
conductor,4,12,"a person who leads an orchestra, band, or choir",The conductor raised the baton.
fifteen,4,13,the number after fourteen,Three groups of five equal fifteen.
polite,4,13,showing good manners and respect,It is polite to say thank you.
peanut,4,13,an edible seed that grows in a pod underground,He spread peanut butter on toast.
soccer,4,13,a team sport in which players mainly use their feet to move a ball into a goal,We played soccer after school.
backpack,4,13,a bag carried on the back with shoulder straps,I packed my books in my backpack.
decide,4,13,to make a choice,We must decide which route to take.
contain,4,13,to have or hold something inside,The box can contain twenty pencils.
course,4,13,"a path, direction, or series of lessons",The river changed course after the flood.
surface,4,13,the outside or top layer of something,The table has a smooth surface.
produce,4,13,"to make, grow, or create something",Plants produce food using sunlight.
stretcher,4,13,a frame used to carry a sick or injured person,The paramedics moved the patient on a stretcher.
preacher,4,13,a person who gives religious sermons,The preacher spoke to the congregation.
pressure,4,13,force pushing on something,Air pressure changes with altitude.
closure,4,13,the act of closing something or bringing it to an end,The storm caused the closure of the road.
treasure,4,13,something valuable or greatly loved,The children followed the map to the hidden treasure.
dwelling,4,13,a place where someone lives,The cabin was a simple dwelling.
lodge,4,13,a small house or building used for temporary stays,We stayed in a mountain lodge.
igloo,4,13,a dome-shaped shelter traditionally built from blocks of snow,The model igloo was made from white blocks.
pueblo,4,13,a village or community of some Native peoples of the Southwest,The pueblo was built from adobe.
wigwam,4,13,a dome-shaped dwelling traditionally used by some Indigenous peoples of North America,The museum exhibit included a model of a wigwam.
building,4,14,a structure with walls and a roof,The library is a large brick building.
spelling,4,14,the way the letters of a word are arranged,Check the spelling of each word.
erratic,4,14,not steady or predictable,The ball took an erratic bounce.
fifty,4,14,the number after forty-nine,Half of one hundred is fifty.
receive,4,14,to get or be given something,We will receive our report cards Friday.
revise,4,14,to change or improve writing or a plan,I revise my paragraph after reading it again.
deceive,4,14,to make someone believe something that is not true,The trickster tried to deceive the travelers.
scientist,4,14,a person who studies the natural or physical world using evidence and experiments,The scientist recorded the results carefully.
inside,4,14,the inner part of something,The gift was inside the box.
rupture,4,14,"a break, tear, or burst",The pipe had a rupture and began leaking.
leisure,4,14,free time when you are not working or doing required tasks,She reads during her leisure time.
seizure,4,14,a sudden burst of unusual electrical activity in the brain that can affect movement or awareness,The first-aid lesson explained what to do if someone has a seizure.
pleasure,4,14,a feeling of happiness or enjoyment,Reading for pleasure can be relaxing.
vulture,4,14,a large bird that often feeds on animals that are already dead,The vulture circled high in the sky.
glacier,4,14,"a large, slow-moving mass of ice on land",The glacier moved slowly down the valley.
debris,4,14,scattered pieces left after something breaks or is destroyed,Workers cleared the debris from the road.
moraine,4,14,a ridge or pile of rocks and soil left behind by a glacier,The glacier left a moraine along the valley.
cirque,4,14,a bowl-shaped hollow in a mountain made by a glacier,A glacier once carved the mountain cirque.
iceberg,4,14,a large piece of ice floating in the ocean,The iceberg floated in cold water.
advance,4,14,to move forward or make progress,The team will advance to the next round.
sixteen,4,15,the number after fifteen,Four times four equals sixteen.
chicken,4,15,a farm bird raised for eggs or meat,The chicken scratched the ground for food.
elephant,4,15,a very large land animal with a long trunk,The elephant used its trunk to pick up food.
island,4,15,land completely surrounded by water,The small island was covered with trees.
gorilla,4,15,"a large, strong ape that lives in Africa",The gorilla rested in the shade.
dolphin,4,15,a smart sea mammal with a streamlined body,A dolphin leaped out of the water.
machine,4,15,a device with parts that work together to do a task,The washing machine cleans clothes.
ticket,4,15,a document or digital record that allows entry or travel,We showed our tickets before boarding the train.
diet,4,15,the food and drink a person or animal usually consumes,A balanced diet includes many kinds of foods.
puppet,4,15,"a figure moved by strings, rods, hands, or other controls",The puppet waved to the audience.
banquet,4,15,a large formal meal for many people,The team attended a banquet after the season.
blanket,4,15,a warm covering used on a bed or around a person,She wrapped herself in a blanket.
gadget,4,15,a small useful device or tool,The kitchen gadget slices apples.
musket,4,15,an old type of long gun used before modern rifles,The museum displayed a musket from the 1800s.
poet,4,15,a person who writes poems,The poet read her work aloud.
range,4,15,"the area between a lowest and highest value, or an area where something is found",The temperature range was 60 to 75 degrees.
strike,4,15,"to hit something, or to stop work as a protest",The bat can strike the ball.
cattle,4,15,cows and bulls kept on farms,The cattle grazed in the field.
herd,4,15,a group of animals of the same kind living or moving together,A herd of cows crossed the field.
stampede,4,15,a sudden rush of many frightened animals or people,The loud noise nearly caused a stampede of cattle.
sixty,4,16,the number after fifty-nine,There are sixty minutes in an hour.
system,4,16,a group of connected parts that work together,The solar system includes the sun and planets.
crocodile,4,16,a large reptile with a long snout and powerful jaws,The crocodile rested near the river.
monkey,4,16,a primate that often has a long tail and can climb well,The monkey climbed the tree.
alligator,4,16,a large reptile with a broad snout that lives near water,The alligator swam through the marsh.
wolves,4,16,more than one wolf,The wolves moved together through the forest.
kangaroo,4,16,an Australian animal that hops on strong back legs and carries young in a pouch,The kangaroo hopped across the grass.
force,4,16,a push or pull that can change motion,A strong force moved the box.
brought,4,16,past tense of bring; carried or caused something to come,She brought her lunch to school.
understand,4,16,to know the meaning or reason for something,I understand the directions now.
rabbit,4,16,a small animal with long ears and strong back legs,The rabbit nibbled on grass.
credit,4,16,"recognition for work, or money available to borrow",Give the author credit when you use her idea.
hermit,4,16,a person who lives alone and away from others,The story was about a hermit living in the mountains.
transmit,4,16,to send something from one place or person to another,Radio towers transmit signals.
habit,4,16,"something a person does regularly, often without much thought",Reading before bed is a good habit.
bandit,4,16,a robber or outlaw,The bandit in the story stole the treasure.
calendar,4,16,"a chart or system showing days, weeks, and months",Mark the field trip on the calendar.
mathematics,4,16,"the study of numbers, shapes, patterns, and quantities",Mathematics helps us solve measurement problems.
axis,4,16,a reference line used on a graph or around which something turns,We labeled the horizontal axis on the graph.
astronomy,4,16,"the scientific study of stars, planets, and other objects in space","In astronomy, we learned about distant galaxies."
seventeen,4,17,the number after sixteen,Ten plus seven equals seventeen.
browser,4,17,a computer program used to view websites,I opened the website in a browser.
memory,4,17,computer storage used to hold information for current or future use,The computer needs enough memory to run the program.
explain,4,17,to make an idea easier to understand by giving information,Please explain how you solved the problem.
adage,4,17,a short traditional saying that expresses a common truth,“Better late than never” is an adage.
courage,4,17,the ability to face fear or difficulty,It took courage to speak in front of the class.
language,4,17,a system of words and rules people use to communicate,Spanish is a language spoken in many countries.
luggage,4,17,bags and cases used to carry belongings while traveling,We loaded our luggage into the car.
storage,4,17,a place or method for keeping things until they are needed,The closet provides extra storage.
thousand,4,17,the number equal to ten hundreds,One thousand has three zeros.
bandage,4,17,a strip of material used to cover or support an injury,She put a bandage on the small cut.
cabbage,4,17,a leafy vegetable with a tightly packed round head,We chopped cabbage for the salad.
carriage,4,17,"a wheeled vehicle, often pulled by horses",The horse pulled the carriage through the park.
damage,4,17,harm that makes something less useful or valuable,The storm caused damage to the roof.
garbage,4,17,waste or unwanted material that is thrown away,Put the garbage in the bin.
landscape,4,17,the visible features of an area of land,The desert landscape was dry and rocky.
carve,4,17,to cut a shape or design into a material,She used a tool to carve a design in the clay.
canyon,4,17,"a deep valley with steep sides, often formed by a river",The river flows through the canyon.
erosion,4,17,"the wearing away and movement of rock or soil by water, wind, ice, or gravity",Rain can cause soil erosion.
sediment,4,17,"small pieces of rock, soil, or other material carried and deposited by water, wind, or ice",Sediment collected at the bottom of the river.
seventy,4,18,the number after sixty-nine,Seven tens equal seventy.
rhombus,4,18,a four-sided shape with all four sides the same length,We drew a rhombus in math class.
equation,4,18,a math statement showing that two amounts are equal,We solved the equation on the board.
average,4,18,a number that represents the usual or middle value of a group of numbers,We found the average of the test scores.
caution,4,18,care used to avoid danger or mistakes,Use caution when crossing a busy street.
filled,4,18,made full or put something into all available space,She filled the bottle with water.
pledge,4,18,a serious promise,Students made a pledge to care for the garden.
bridge,4,18,"a structure built to cross over water, roads, or other obstacles",The bridge crosses the river.
ridge,4,18,"a long, narrow raised area of land",We hiked along the mountain ridge.
wedge,4,18,a piece that is thick at one end and thin at the other,He used a wedge to hold the door open.
ledge,4,18,a narrow shelf-like edge on a wall or cliff,A bird rested on the window ledge.
cartridge,4,18,"a container that holds material for a device, such as ink for a printer",The printer needs a new ink cartridge.
partridge,4,18,a medium-sized ground bird,A partridge moved through the tall grass.
porridge,4,18,a soft hot food made by cooking grain in water or milk,We ate warm porridge for breakfast.
globe,4,18,a round model of Earth or another planet,We found Japan on the globe.
public,4,18,open or available to everyone,The city park is a public space.
private,4,18,for one person or group rather than everyone,The diary is private.
academic,4,18,"relating to school, studying, or education",She set an academic goal for the semester.
listening,4,18,paying attention to sounds or spoken words,Good listening helps us follow directions.
skill,4,18,an ability learned through practice,Typing is a useful skill.
dragon,4,19,"a large imaginary creature in stories, often shown with wings or fire",The dragon guarded the castle in the story.
castle,4,19,"a large fortified building, often home to rulers in the past",The old castle had thick stone walls.
knight,4,19,a mounted warrior of the Middle Ages who served a ruler,The knight carried a shield.
queen,4,19,a female ruler or the wife of a king,The queen addressed the crowd.
prince,4,19,"a male member of a royal family, often the son of a king or queen",The prince rode through the village.
kingdom,4,19,a country or area ruled by a king or queen,The kingdom stretched from the mountains to the sea.
alone,4,19,without other people or things nearby,She finished the puzzle alone.
ghost,4,19,the spirit of a dead person as imagined in stories or beliefs,The ghost in the story appeared at midnight.
robot,4,19,a machine that can perform tasks automatically,The robot sorted the blocks by color.
program,4,19,a set of instructions for a computer or a planned set of activities,She wrote a simple computer program.
compose,4,19,"to create or put together, especially music or writing",He will compose a short song.
coastal,4,19,relating to land near the sea,Coastal towns can be affected by storms.
boast,4,19,to talk with too much pride about something,He did not boast about winning the race.
toaster,4,19,an appliance used to brown slices of bread,The toaster popped up two slices.
owner,4,19,a person who possesses something,The dog’s owner called its name.
golden,4,19,made of gold or having a bright yellow color,The leaves turned golden in autumn.
boomtown,4,19,a town that grows very quickly because of new jobs or business,The mining camp became a boomtown.
miner,4,19,"a person who works to remove minerals, coal, or other materials from the ground",The miner worked underground.
claim,4,19,to say something is true or to ask for something believed to belong to you,She made a claim and supported it with evidence.
nugget,4,19,"a small solid lump, especially of a valuable mineral",The museum displayed a gold nugget.
solo,4,20,music performed by one person,She played a piano solo.
duet,4,20,music performed by two people,They sang a duet together.
cello,4,20,a large string instrument played while seated,He played the cello in the orchestra.
special,4,20,different from ordinary in an important or valued way,Today is special because it is our class celebration.
heavy,4,20,having a lot of weight,The box was too heavy to lift alone.
trio,4,20,a group of three performers or a piece for three performers,The trio played three instruments.
choir,4,20,a group of people who sing together,The choir sang at the concert.
remote,4,20,"far away, or a device used to control something from a distance",The hikers visited a remote valley.
include,4,20,to contain or have as part of a group,The price will include lunch.
homework,4,20,schoolwork assigned to be done outside class,I finished my homework before dinner.
lower,4,20,to move something downward or make it less,Lower the flag slowly.
flamingo,4,20,a tall pink wading bird with long legs and a curved bill,The flamingo stood on one leg.
stroller,4,20,a wheeled chair used to push a baby or young child,The baby slept in the stroller.
decode,4,20,to figure out the meaning of a code or unfamiliar message,We used the key to decode the secret message.
envelope,4,20,a paper container used to hold a letter,She placed the card in an envelope.
engineer,4,20,"a person who designs, builds, or improves machines, structures, or systems",The engineer tested the bridge design.
technology,4,20,"tools, machines, and methods created using scientific knowledge",Digital technology helps us communicate quickly.
electricity,4,20,a form of energy caused by electric charge,Electricity powers the lamp.
energy,4,20,the ability to do work or cause change,Food gives our bodies energy.
generate,4,20,to produce or create something,Solar panels generate electricity.
positive,4,21,"greater than zero, or hopeful and favorable",Five is a positive number.
negative,4,21,"less than zero, or unfavorable",Negative three is less than zero.
college,4,21,a school for education after high school,Her older brother attends college.
university,4,21,a school that offers advanced education and degrees,The university has a large science library.
perhaps,4,21,maybe; possibly,Perhaps the rain will stop soon.
hammer,4,21,a tool with a heavy head used for hitting nails or other objects,Use the hammer carefully to drive the nail.
nail,4,21,a thin pointed metal fastener hammered into material,He tapped the nail into the wood.
drill,4,21,a tool used to make holes,The carpenter used a drill to make a hole.
chain,4,21,a series of connected metal links,The bicycle chain turned the back wheel.
wrench,4,21,"a tool used to grip and turn nuts, bolts, or pipes",She used a wrench to tighten the bolt.
robin,4,21,a bird with a reddish or orange breast,A robin searched the grass for worms.
bother,4,21,"to annoy, worry, or disturb",Please do not bother the dog while it sleeps.
copper,4,21,a reddish-brown metal that conducts electricity well,Copper wire carries electricity.
comment,4,21,a spoken or written remark,He added a helpful comment to the discussion.
monster,4,21,an imaginary frightening creature,The book’s monster turned out to be friendly.
parallel,4,21,always the same distance apart and never meeting,The two railroad tracks are parallel.
series,4,21,a group of related things that come one after another,She read every book in the series.
charge,4,21,"an amount of electricity, a cost, or the act of rushing forward",The battery stores an electric charge.
tenths,4,21,parts made when a whole is divided into ten equal pieces,Three tenths can be written as 0.3.
hundredths,4,21,parts made when a whole is divided into one hundred equal pieces,Twenty-five hundredths equals 0.25.
hotel,4,22,a building where travelers pay to stay overnight,We stayed at a hotel near the airport.
guest,4,22,a person invited to visit or stay somewhere,Our guest arrived before dinner.
ready,4,22,prepared to do something,We are ready to begin.
anything,4,22,any thing at all,You may ask me anything about the lesson.
elevator,4,22,a platform or car that moves people or goods between floors,We took the elevator to the fifth floor.
generalize,4,22,to make a broad statement based on examples or evidence,Do not generalize from only one example.
package,4,22,a wrapped or boxed item prepared for delivery,A package arrived in the mail.
subject,4,22,a topic being discussed or studied,Science is my favorite subject.
Europe,4,22,a continent west of Asia,Europe contains many countries.
umbrella,4,22,a folding cover used to protect a person from rain or sun,She opened her umbrella in the rain.
bubble,4,22,a thin ball of liquid filled with air or gas,A soap bubble floated across the room.
husband,4,22,a married man in relation to his spouse,Her husband cooked dinner.
bucket,4,22,an open container with a handle,We filled the bucket with sand.
publish,4,22,"to prepare and make writing, music, or other work available to the public",The class will publish a book of poems.
snuggle,4,22,to curl up closely and comfortably,The puppy likes to snuggle beside the blanket.
inflation,4,22,a general rise in prices over time,Inflation can make the same groceries cost more.
ration,4,22,a fixed amount allowed for each person or use,Each hiker received a ration of water.
stock,4,22,"a share of ownership in a company, or a supply of goods",A share of stock represents part ownership of a company.
depression,4,22,"a long period of serious economic decline, or a medical condition affecting mood",The Great Depression caused widespread unemployment in the 1930s.
unemployment,4,22,the condition of people being without jobs while seeking work,Unemployment rose when many businesses closed.
region,4,23,a large area with shared features,The desert region receives little rain.
return,4,23,to go or come back,We will return the library books tomorrow.
believe,4,23,to accept something as true,I believe her explanation.
joined,4,23,became part of or connected with something,She joined the school club.
member,4,23,a person or thing that belongs to a group,Every team member has a role.
contest,4,23,a competition,He entered the drawing contest.
reject,4,23,"to refuse to accept, use, or believe something",The committee may reject an incomplete application.
Asia,4,23,the largest continent on Earth,Asia is the largest continent.
unite,4,23,to join together,The teams unite for a community project.
computer,4,23,an electronic device that stores and processes information,We used a computer to write the report.
abuse,4,23,"harmful or improper treatment of a person, animal, or thing",Adults should report suspected abuse to keep children safe.
mute,4,23,"not producing sound, or to turn sound off",Please mute the microphone when you are not speaking.
youth,4,23,"the time of being young, or young people as a group",He spent his youth near the coast.
bugle,4,23,a simple brass wind instrument used for signals,The bugle sounded at sunrise.
commute,4,23,to travel regularly between home and work or school,Many people commute by train.
actor,4,23,"a person who performs a role in a play, movie, or show",The actor memorized his lines.
magnetic,4,23,able to attract certain metals or relating to magnets,The magnetic strip pulled the paper clip.
attraction,4,23,a force or feeling that draws things together,Magnetic attraction pulled the two objects closer.
permanent,4,23,intended to last for a very long time,The marker left a permanent line.
temporary,4,23,lasting only for a limited time,The road closure is temporary.
eighty,4,24,the number after seventy-nine,Eight tens equal eighty.
sheriff,4,24,an elected law-enforcement official in many counties,The sheriff spoke at the safety fair.
rodeo,4,24,"an event featuring skills used in ranch work, such as riding and roping",The rodeo included several riding events.
exercise,4,24,physical activity done for health or practice,Walking is good exercise.
wagon,4,24,a four-wheeled vehicle used to carry people or goods,The children pulled the wagon.
train,4,24,a connected set of railway cars moved along tracks,The train arrived at the station.
Australia,4,24,a country and continent in the Southern Hemisphere,Australia is both a country and a continent.
saddle,4,24,a seat placed on an animal’s back for riding,She checked the saddle before riding the horse.
calf,4,24,a young cow or the back part of the lower leg,The calf stayed close to its mother.
develop,4,24,"to grow, change, or create something over time",The seedlings develop roots first.
alarm,4,24,a warning signal or device,The smoke alarm made a loud sound.
carbon,4,24,a chemical element found in all known living things,Carbon is part of many compounds.
charcoal,4,24,a black material made by heating wood with little air,The artist drew with charcoal.
marble,4,24,a hard stone often used in buildings and sculpture,The statue was carved from marble.
scarlet,4,24,a bright red color,The bird had scarlet feathers.
artistic,4,24,relating to art or showing creative skill,She used artistic lettering on the poster.
medium,4,24,"a material or method used by an artist, or something of middle size",Watercolor is one artistic medium.
pastel,4,24,a soft colored drawing stick or a pale color,She used pastels to shade the sky.
canvas,4,24,strong cloth used as a painting surface or for other sturdy items,The artist painted on canvas.
acrylic,4,24,a type of plastic or fast-drying paint,Acrylic paint dries quickly.
window,4,25,an opening in a wall or vehicle fitted with glass to let in light or allow a view,Sunlight came through the window.
emerald,4,25,a bright green gemstone,The necklace held a small emerald.
eighteen,4,25,the number after seventeen,Two groups of nine equal eighteen.
heart,4,25,the organ that pumps blood through the body,Exercise makes the heart beat faster.
site,4,25,a place where something is located or happens,Workers prepared the building site.
harbor,4,25,a sheltered area of water where ships can anchor safely,Fishing boats returned to the harbor.
corner,4,25,"the place where two edges, sides, or streets meet",The store is on the corner.
barber,4,25,"a person who cuts and styles hair, especially short hair",The barber trimmed his hair.
garlic,4,25,a strong-smelling plant bulb used to flavor food,We added garlic to the sauce.
probably,4,25,very likely,It will probably rain this evening.
parsley,4,25,a green herb used to flavor or decorate food,She sprinkled parsley on the soup.
tardy,4,25,late,The student was tardy because the bus was delayed.
tariff,4,25,a tax placed on goods brought into or sent out of a country,The government placed a tariff on imported goods.
prairie,4,25,a large area of mostly flat grassland,Tall grass covered the prairie.
barrel,4,25,a large round container with curved sides,Rainwater collected in the barrel.
ray,4,25,a narrow beam of light or a line that starts at one point and continues forever,"In geometry, a ray has one endpoint."
dimension,4,25,"a measurement such as length, width, or height",Measure each dimension of the box.
perpendicular,4,25,meeting at a right angle,The two lines are perpendicular.
intersecting,4,25,crossing or meeting at a point,The intersecting roads form an X.
array,4,25,"an orderly arrangement of objects, often in rows and columns",We used an array to show four groups of six.
ninety,4,26,the number after eighty-nine,Nine tens equal ninety.
forward,4,26,toward the front or ahead,Take one step forward.
purple,4,26,a color made by combining red and blue,She chose a purple folder.
chord,4,26,three or more musical notes played together,She played a chord on the piano.
porch,4,26,a covered or raised area at the entrance of a building,We sat on the front porch.
written,4,26,put into words using letters or symbols,The instructions were written clearly.
purpose,4,26,the reason something exists or is done,The purpose of the experiment is to test the idea.
reason,4,26,a cause or explanation for something,Give one reason for your answer.
kept,4,26,past tense of keep; continued to have or hold,She kept the ticket as a souvenir.
interest,4,26,"curiosity or attention, or money paid for borrowing",His interest in astronomy grew after the trip.
berry,4,26,"a small fleshy fruit, often with several seeds",A blueberry is a type of berry.
cherub,4,26,a childlike angel shown in art,The old painting included a small cherub.
merit,4,26,"value, quality, or something deserving praise",The idea has merit because it solves the problem.
perish,4,26,to die or be destroyed,Plants may perish without enough water.
mercy,4,26,kindness shown by someone who could punish or harm,The ruler showed mercy and reduced the punishment.
ballot,4,26,a paper or electronic form used to cast a vote,Each voter marked a ballot.
principle,4,26,"a basic rule, belief, or idea",Fairness is an important principle.
citizenship,4,26,the status and responsibilities of being a citizen of a country,The class learned about voting as part of citizenship.
participate,4,26,to take part in an activity,Everyone may participate in the discussion.
responsibility,4,26,a duty or something you are expected to take care of,Feeding the class pet is her responsibility.
nineteen,4,27,the number after eighteen,Ten plus nine equals nineteen.
score,4,27,the number of points earned in a game or test,The final score was twelve to ten.
cousin,4,27,a child of your aunt or uncle,My cousin visited us this weekend.
present,4,27,happening or existing now,We talked about the present time.
wonderful,4,27,very good or enjoyable,We had a wonderful time at the museum.
charm,4,27,"a pleasing quality, or a small object worn for luck or decoration",The old town has a lot of charm.
format,4,27,the arrangement or design of information,Use the same format for each report.
scarf,4,27,a piece of cloth worn around the neck or head,She wore a warm scarf.
merge,4,27,to combine or join together,The two lanes merge ahead.
squirt,4,27,"to send out a thin, quick stream of liquid",The bottle can squirt water.
sermon,4,27,"a talk about religious or moral ideas, often given during worship",The minister gave a short sermon.
barking,4,27,making the sharp sound typical of a dog,The barking dog woke us up.
battery,4,27,a device that stores chemical energy and provides electric power,The flashlight needs a new battery.
earthworm,4,27,"a long, soft-bodied worm that lives in soil",An earthworm helps mix the soil.
nervous,4,27,"worried, uneasy, or excited about what may happen",I felt nervous before the performance.
angle,4,27,the shape made where two lines or rays meet,We measured the angle with a protractor.
obtuse,4,27,describing an angle greater than 90 degrees but less than 180 degrees,The triangle has an obtuse angle.
acute,4,27,an angle smaller than 90 degrees,The triangle has one acute angle.
protractor,4,27,a tool used to measure angles,We used a protractor to measure the angle.
vertex,4,27,"the point where two lines, edges, or rays meet",The corner is a vertex of the shape.
principal,4,28,"the head of a school, or most important",The principal welcomed students to the assembly.
finish,4,28,to complete something,Finish the last problem before recess.
translation,4,28,words changed from one language into another while keeping the meaning,She read an English translation of the story.
amuse,4,28,to entertain or make someone smile or laugh,The silly puppet will amuse the audience.
allowance,4,28,an amount of money or something else given regularly or permitted,He saves part of his weekly allowance.
beside,4,28,next to,My backpack is beside my desk.
concern,4,28,a worry or something that matters to someone,Safety is our main concern.
thorn,4,28,a sharp point growing from the stem of some plants,A thorn caught on my sleeve.
sword,4,28,a weapon with a long metal blade and handle,The museum displayed a medieval sword.
million,4,28,"the number 1,000,000",One million has six zeros.
archer,4,28,a person who shoots arrows with a bow,The archer aimed at the target.
marvelous,4,28,extremely good or impressive,The dancers gave a marvelous performance.
career,4,28,the work a person does over many years,She hopes for a career in engineering.
merely,4,28,only; simply,The mark was merely a scratch.
sincere,4,28,honest and genuine,He gave a sincere apology.
carnivore,4,28,an animal that mainly eats other animals,A lion is a carnivore.
herbivore,4,28,an animal that mainly eats plants,A deer is a herbivore.
omnivore,4,28,an animal that eats both plants and animals,A bear is an omnivore.
echolocation,4,28,finding objects by listening to echoes from sounds,Bats can use echolocation to find their way.
ultrasound,4,28,"sound with a frequency too high for humans to hear, also used in medical imaging",Bats use sounds in the ultrasound range.
kitchen,4,29,a room where food is prepared and cooked,We baked bread in the kitchen.
dining,4,29,"eating a meal, especially in a place set aside for meals",The family was dining together.
pantry,4,29,a small room or cupboard used to store food,Cans of soup were stored in the pantry.
staircase,4,29,a set of stairs and the structure around them,We climbed the staircase to the second floor.
scorpion,4,29,an animal related to spiders with pincers and a curved tail with a stinger,The desert scorpion hid under a rock.
ornament,4,29,an object used as decoration,We hung an ornament on the tree.
shoreline,4,29,the edge where land meets a body of water,Waves washed along the shoreline.
storm,4,29,"a period of severe weather with strong wind, rain, snow, or thunder",The storm brought heavy rain.
afford,4,29,"to have enough money, time, or resources for something",We can afford the tickets if we save.
margin,4,29,"the blank edge around a page, or the amount by which something differs",Write your notes in the margin.
burden,4,29,a heavy load or difficult responsibility,Sharing the work made the burden lighter.
purchase,4,29,to buy something,We plan to purchase new notebooks.
plural,4,29,a word form that means more than one,“Cats” is the plural of “cat.”
surgeon,4,29,a doctor trained to perform operations,The surgeon explained the procedure.
endure,4,29,to continue through something difficult or painful,The hikers had to endure strong winds.
merchant,4,29,a person or business that buys and sells goods,The merchant sold cloth and spices.
ounce,4,29,a unit of weight equal to one-sixteenth of a pound,The package weighs one ounce.
gram,4,29,a metric unit used to measure mass,A paper clip has a mass of about one gram.
milligram,4,29,one-thousandth of a gram,Medicine labels may list amounts in milligrams.
kilogram,4,29,"a metric unit equal to 1,000 grams",The bag has a mass of five kilograms.
marriage,4,30,the legal or social union of spouses,Their marriage began with a small family ceremony.
reply,4,30,to answer someone,Please reply to the question in a full sentence.
achieve,4,30,to successfully reach a goal,Practice can help you achieve your goal.
clothes,4,30,items worn on the body,Fold the clean clothes.
tomorrow,4,30,the day after today,We will visit the library tomorrow.
scan,4,30,to look over quickly or use a device to make a digital copy,Scan the page for the key word.
delete,4,30,to remove written or stored information,Delete the extra sentence from the document.
address,4,30,"the location where a person or place can be found, or to speak about an issue",Write your return address on the envelope.
describe,4,30,to tell what someone or something is like,Describe the animal using three details.
stern,4,30,serious and strict,The coach gave a stern warning.
mature,4,30,fully grown or developed,The mature tree produces fruit.
obscure,4,30,not well known or difficult to see or understand,The clouds began to obscure the moon.
surely,4,30,certainly or without doubt,Surely there is another way to solve it.
assure,4,30,to tell someone confidently that something is true,I assure you that the door is locked.
control,4,30,"to direct, manage, or keep something within limits",Use the knob to control the volume.
dirty,4,30,covered with dirt or not clean,The muddy shoes were dirty.
curb,4,30,"the raised edge between a street and sidewalk, or to limit something",Wait by the curb before crossing.
vocal,4,30,relating to the voice,The singer warmed up her vocal muscles.
expression,4,30,"the act of showing an idea or feeling, or a mathematical group of symbols",Her facial expression showed surprise.
inflection,4,30,a change in the sound of the voice or the form of a word,Her rising inflection made the sentence sound like a question.
actress,4,31,"a woman who acts in plays, movies, or shows",The actress rehearsed her lines.
theater,4,31,a building or place where plays or movies are shown,We watched the play at the theater.
solve,4,31,to find the answer to a problem,Use division to solve the problem.
comedy,4,31,"a play, movie, or story meant to be funny",The class watched a short comedy.
tragedy,4,31,a very sad event or a serious story with an unhappy ending,The play is a tragedy with a sad ending.
drama,4,31,"a story written or performed for an audience, often involving serious events",We read a drama in English class.
either,4,31,one of two choices,You may choose either book.
neither,4,31,not one and not the other of two choices,Neither answer was correct.
goose,4,31,a large water bird with a long neck and webbed feet,A goose swam across the pond.
metal,4,31,"a material such as iron, copper, or aluminum that often conducts heat and electricity",The spoon is made of metal.
aloof,4,31,not friendly or interested in being with others,The shy cat seemed aloof around strangers.
moody,4,31,often changing between different moods,The character became moody when tired.
raccoon,4,31,a small mammal with a dark mask-like pattern around its eyes,A raccoon searched near the trash cans.
askew,4,31,not straight or level,The picture frame hung askew.
jewel,4,31,a valuable gemstone or piece of jewelry,A blue jewel sparkled in the necklace.
crew,4,31,"a group of people who work together, especially on a ship, aircraft, or production",The flight crew prepared the plane.
customary,4,31,usual or traditional,It is customary to shake hands in some situations.
kilometer,4,31,"a metric unit of length equal to 1,000 meters",The trail is one kilometer long.
millimeter,4,31,a metric unit of length equal to one-thousandth of a meter,The line is five millimeters wide.
centimeter,4,31,a metric unit of length equal to one-hundredth of a meter,The pencil is about fifteen centimeters long.
neighbor,4,32,a person who lives near you,Our neighbor brought us tomatoes.
result,4,32,what happens because of an action or experiment,Record the result of each trial.
camera,4,32,a device used to take photographs or video,She used a camera to photograph the bird.
video,4,32,a recording of moving images and sound,We watched a science video.
image,4,32,"a picture, photograph, or visual representation",The telescope captured an image of the moon.
frame,4,32,"a structure around something, or one still image in a video",The picture sits in a wooden frame.
movie,4,32,"a story or presentation shown as moving images, usually with sound",We watched a movie about space exploration.
digital,4,32,using electronic signals or computer data,We took a digital photograph.
cookies,4,32,small pieces of data that websites can store in a web browser,The website asked permission to use cookies.
brotherhood,4,32,"a feeling of friendship, unity, or shared purpose among people",The team developed a sense of brotherhood.
flooding,4,32,water covering land that is normally dry,Heavy rain caused flooding near the river.
crooked,4,32,"bent, curved, or not straight",The crooked branch leaned over the path.
footprint,4,32,a mark made by a foot or shoe,We found an animal footprint in the mud.
woodland,4,32,land covered with trees and shrubs,Deer moved through the woodland.
mistook,4,32,past tense of mistake; thought one thing was another,I mistook the blue bag for mine.
executive,4,32,relating to carrying out laws or managing an organization,The executive branch carries out federal laws.
judicial,4,32,relating to courts and judges,The judicial branch interprets laws.
legislative,4,32,relating to making laws,The legislative branch makes laws.
president,4,32,the elected head of a country such as the United States or the leader of an organization,The class president opened the meeting.
congress,4,32,"a lawmaking body, especially the national legislature of the United States",Congress includes the House and the Senate.
decade,4,33,a period of ten years,A decade is ten years.
century,4,33,a period of one hundred years,The building is more than a century old.
outside,4,33,not inside; on or toward the outer side,We waited outside the school.
everything,4,33,all things,Everything was ready for the picnic.
release,4,33,"to let go, set free, or make something available",They will release the rescued bird.
already,4,33,before now or earlier than expected,I already finished my homework.
instead,4,33,in place of something else,We walked instead of taking the bus.
phrase,4,33,a small group of words that works together but may not form a complete sentence,“Under the table” is a phrase.
distraction,4,33,something that takes attention away from a task,The loud noise was a distraction.
completion,4,33,the act of finishing something,We celebrated the completion of the project.
affection,4,33,a warm feeling of liking or caring,The dog showed affection by wagging its tail.
collection,4,33,a group of things gathered together,She has a collection of shells.
construction,4,33,the process of building something,Road construction slowed traffic.
profession,4,33,a type of skilled career that often requires special training,Teaching is a profession.
inspection,4,33,a careful examination,The mechanic performed an inspection of the car.
illegal,4,33,against the law,It is illegal to steal.
pollution,4,33,harmful substances or waste added to the environment,Reducing pollution helps protect rivers and air.
conservation,4,33,the protection and careful use of natural resources,Water conservation is important during a drought.
ecology,4,33,the study of how living things interact with one another and their environment,Ecology helps scientists understand ecosystems.
recycle,4,33,to process used material so it can be used again,We recycle paper and cans.
orange,4,34,a round citrus fruit with an orange-colored peel,I peeled an orange for lunch.
banana,4,34,a long curved fruit with a yellow peel when ripe,She sliced a banana onto her cereal.
grapefruit,4,34,a large citrus fruit with a yellow rind and tart flesh,He ate half a grapefruit for breakfast.
pineapple,4,34,a tropical fruit with rough skin and sweet yellow flesh,We added pineapple to the fruit salad.
strawberry,4,34,a small red fruit with tiny seeds on its surface,I picked a ripe strawberry.
apricot,4,34,a small orange fruit with a pit,The dried apricot tasted sweet.
lemon,4,34,a yellow citrus fruit with sour juice,She squeezed lemon into the water.
quite,4,34,fairly or completely,The puzzle was quite difficult.
type,4,34,a kind or category of something,A robin is a type of bird.
themselves,4,34,those same people or things,The children made the cards themselves.
protection,4,34,the act of keeping someone or something safe from harm,A helmet provides protection for your head.
reaction,4,34,a response to something that happens,His reaction to the surprise was a big smile.
compassion,4,34,kind concern for someone who is suffering or having difficulty,She showed compassion by helping the injured bird.
adoption,4,34,"the act of legally becoming the parent of a child, or choosing to take something on",The family celebrated the child’s adoption.
corruption,4,34,dishonest or illegal behavior by people in power,Strong rules can help prevent government corruption.
illustrate,4,34,to explain with pictures or examples,Use a diagram to illustrate the water cycle.
immature,4,34,not fully grown or developed,The immature fruit was still green.
gallon,4,34,a U.S. unit of liquid volume equal to four quarts,The jug holds one gallon of water.
pint,4,34,a unit of liquid volume equal to two cups in the United States,The container holds one pint of milk.
liter,4,34,a metric unit used to measure liquid volume,The bottle holds one liter of water.
within,4,35,"inside a place, area, or time limit",Please finish within ten minutes.
method,4,35,a way of doing something,We tried a new method for solving the problem.
breeze,4,35,a light wind,A cool breeze moved the leaves.
calm,4,35,peaceful and not excited or stormy,The lake was calm in the morning.
irritation,4,35,annoyance or a sore reaction to something,Soap caused mild skin irritation.
section,4,35,one part of something larger,Read the first section of the chapter.
devotion,4,35,"strong love, loyalty, or dedication",Her devotion to practice helped her improve.
infection,4,35,an illness caused when harmful microorganisms grow in the body,Washing a cut can help prevent infection.
occasion,4,35,a particular event or time,The ceremony was a special occasion.
dictionary,4,35,"a reference that gives meanings, spellings, and other information about words",Use a dictionary to check the definition.
digestion,4,35,the process of breaking food down so the body can use it,Digestion begins as we chew food.
disruption,4,35,an interruption that prevents something from continuing normally,The power outage caused a disruption in class.
invention,4,35,"a new device, method, or idea that someone creates",The telephone was an important invention.
prevention,4,35,the act of stopping something from happening,Hand washing helps with the prevention of many illnesses.
suggestion,4,35,an idea offered for someone to consider,Her suggestion improved the project.
elected,4,35,chosen by voting,The elected class president thanked the voters.
official,4,35,approved by an authority or relating to a position of authority,The school posted the official schedule.
contact,4,35,"to communicate with someone, or the state of touching",Please contact the office if you have questions.
represent,4,35,"to stand for, show, or act on behalf of someone or something",The stars on the flag represent the states.
district,4,35,"an area set apart for government, schools, voting, or another purpose",Our school is part of the same district.
ribbon,4,36,a narrow strip of fabric used for tying or decoration,She tied the package with a ribbon.
quantity,4,36,an amount or number of something,Measure the quantity of water in the cup.
yesterday,4,36,the day before today,We went to the park yesterday.
sweet,4,36,having a taste like sugar,The ripe peach tasted sweet.
remove,4,36,to take something away or off,Remove your shoes before stepping on the mat.
although,4,36,even though,"Although it rained, we still had fun."
bitter,4,36,having a sharp taste that is not sweet,Unsweetened cocoa can taste bitter.
broken,4,36,damaged so that it no longer works or is whole,The broken toy needed repair.
moment,4,36,a very short period of time,Wait a moment while I tie my shoe.
invitation,4,36,a request asking someone to attend or take part,I received an invitation to the party.
mitten,4,36,a warm hand covering with one section for the thumb and one for the other fingers,She lost one mitten in the snow.
invasion,4,36,an entry into a place by force or in large numbers,The history class studied an invasion that changed the kingdom.
elevation,4,36,"height above a level, especially sea level",The town has a high elevation.
illusion,4,36,something that seems real or true but is not,The mirror created an illusion of a larger room.
presentation,4,36,a talk or display given to an audience,She gave a presentation about whales.
promotion,4,36,an advancement to a higher position or an effort to advertise something,His promotion gave him more responsibility at work.
revision,4,36,a change made to improve or correct something,The second draft included one important revision.
rotation,4,36,the act of turning around a center or axis,Earth’s rotation causes day and night.
reflection,4,36,"an image or light returned from a surface, or careful thought",I saw my reflection in the pond.
symmetry,4,36,a balanced arrangement in which matching parts are the same shape and size,A butterfly’s wings show approximate symmetry.
comic,5,1,"funny or amusing, or a story told with pictures and words",The comic strip made us laugh.
ostrich,5,1,a very large bird from Africa that cannot fly but can run fast,The ostrich ran across the open land.
Connecticut,5,1,a state in the United States,Connecticut is one of the 50 U.S. states.
insult,5,1,a rude or disrespectful remark or action,Calling someone a mean name is an insult.
grumble,5,1,to complain in a low voice,He began to grumble about the long line.
gallop,5,1,the fast running pace of a horse,The horse began to gallop across the field.
hurry,5,1,to move or act quickly,We need to hurry so we do not miss the bus.
distinct,5,1,clearly different or easy to recognize,The two birds have distinct markings.
contestant,5,1,a person who takes part in a contest,Each contestant answered one question.
defendant,5,1,a person accused of wrongdoing in a court case,The defendant listened as the lawyer spoke.
assistant,5,1,a person who helps someone with work or a task,The lab assistant prepared the materials.
brilliant,5,1,"very bright, impressive, or intelligent",The scientist had a brilliant idea.
compliant,5,1,willing to follow a rule or request,The company must be compliant with safety rules.
extravagant,5,1,costing or using much more than is necessary,The party decorations were too extravagant for the small event.
ignorant,5,1,lacking knowledge about something,I was ignorant of the rule until it was explained.
consonant,5,1,a speech sound made by partly or fully blocking airflow; also a letter representing such a sound,The word “cat” begins with the consonant c.
applicant,5,1,"a person who applies for a job, school, program, or other opportunity",Each applicant submitted a form.
migration,5,1,the movement of people or animals from one place to another,Bird migration often happens with the seasons.
route,5,1,a path or way from one place to another,We chose the shortest route home.
trace,5,1,"to follow, copy, or find the path of something",Trace the shape with a pencil.
ashamed,5,2,feeling embarrassed or sorry about something you did,He felt ashamed after lying to his friend.
indeed,5,2,in fact; really,The task was difficult indeed.
Tennessee,5,2,a state in the United States,Tennessee is one of the 50 U.S. states.
someone,5,2,an unknown or unnamed person,Someone left a notebook on the desk.
sweater,5,2,a warm knitted piece of clothing worn on the upper body,She wore a sweater on the cool morning.
mansion,5,2,a very large and expensive house,The historic mansion has many rooms.
instant,5,2,a very short moment,"For an instant, the room was completely quiet."
wonder,5,2,"a feeling of amazement, or to think curiously about something",I wonder how far the stars are from Earth.
smile,5,2,an expression in which the corners of the mouth turn upward,Her smile showed that she was happy.
irritate,5,2,to annoy or cause soreness,Dust can irritate your eyes.
plunge,5,2,to fall or move suddenly downward or into something,The diver took a plunge into the pool.
absent,5,2,not present in a place where someone is expected,Two students were absent today.
excellent,5,2,extremely good,She did an excellent job on the project.
reverent,5,2,showing deep respect,The visitors were quiet and reverent in the memorial.
impatient,5,2,unable or unwilling to wait calmly,The impatient child kept asking when the movie would start.
stringent,5,2,very strict or demanding,The laboratory follows stringent safety rules.
hydrogen,5,2,"the lightest chemical element, represented by H",Water contains hydrogen and oxygen.
molecule,5,2,two or more atoms joined together,A water molecule contains two hydrogen atoms and one oxygen atom.
dioxide,5,2,a compound containing two oxygen atoms for each atom of another element,Carbon dioxide contains carbon and oxygen.
element,5,2,a pure substance made of only one kind of atom,Oxygen is a chemical element.
constant,5,3,"not changing, or staying at the same level",The temperature remained constant during the test.
Africa,5,3,"the second-largest continent, south of Europe",Africa is a continent with many countries.
killed,5,3,caused a living thing to die,The disease killed many plants in the field.
melody,5,3,a sequence of musical notes that forms a tune,I recognized the song by its melody.
bottom,5,3,the lowest part of something,The coin sank to the bottom of the pool.
Florida,5,3,a state in the United States,Florida is one of the 50 U.S. states.
secret,5,3,information meant to be kept hidden or private,She kept the surprise party a secret.
tumble,5,3,to fall or roll over suddenly,The blocks began to tumble from the stack.
afterwards,5,3,after something else has happened,We ate dinner and played a game afterwards.
cathedral,5,3,a large important Christian church led by a bishop,The old cathedral has tall stained-glass windows.
desirable,5,3,worth wanting or having,A quiet location is desirable for studying.
excitable,5,3,easily made excited,The excitable puppy jumped when visitors arrived.
breakable,5,3,able to be broken easily,Wrap the breakable dishes carefully.
notable,5,3,worthy of attention or important,The scientist made a notable discovery.
tolerable,5,3,able to be accepted or endured,The warm room became more tolerable after the fan started.
questionable,5,3,"uncertain, doubtful, or possibly improper",The source was questionable because it gave no evidence.
hundredth,5,3,"one of one hundred equal parts, or position number 100",One hundredth can be written as 0.01.
thousandth,5,3,one part when something is divided into one thousand equal parts,One thousandth is written as 0.001.
tenth,5,3,"one of ten equal parts, or position number 10",One tenth is equal to 0.1.
millionth,5,3,"one of one million equal parts, or position number 1,000,000",A millionth is a very small fraction of a whole.
surprise,5,4,an unexpected event or feeling caused by something unexpected,The party was a surprise.
French,5,4,the language spoken in France and other places,She is learning French at school.
hesitate,5,4,to pause because you are unsure,Do not hesitate to ask a question.
tenant,5,4,a person who pays to live in or use property owned by someone else,The tenant pays rent each month.
exactly,5,4,in a precise or correct way,That is exactly the answer I found.
remain,5,4,to stay in the same place or condition,Please remain seated until the bus stops.
beige,5,4,a light tan or pale brown color,The walls were painted beige.
breathe,5,4,to take air into the lungs and let it out,Breathe slowly before the race.
succeed,5,4,to achieve a goal or desired result,Practice can help you succeed.
horrible,5,4,very unpleasant or frightening,The spoiled milk had a horrible smell.
tangible,5,4,"real and able to be touched, or clearly noticeable",The model gave us a tangible example of the design.
gullible,5,4,too willing to believe something without enough evidence,A gullible person may believe a false rumor.
possible,5,4,able to happen or be done,It is possible to finish before lunch.
permissible,5,4,allowed by a rule or law,Using a calculator is permissible on this part of the test.
comprehensible,5,4,able to be understood,The diagram made the instructions more comprehensible.
invisible,5,4,unable to be seen,Air is invisible even though it takes up space.
specific,5,4,clearly identified or exact,Give a specific example from the text.
function,5,4,"the purpose of something, or a mathematical relationship between values",The function of roots is to take in water and anchor a plant.
ancient,5,4,from a very long time ago,We studied an ancient civilization.
cliff,5,4,"a high, steep face of rock or earth",The trail stayed far from the edge of the cliff.
beetle,5,5,an insect with a hard outer pair of wings,A beetle crawled across the leaf.
jewelry,5,5,"decorative objects worn on the body, such as rings or necklaces",She stored her jewelry in a small box.
avenue,5,5,a wide street or a way of achieving something,Trees lined both sides of the avenue.
climb,5,5,to move upward using your feet and often your hands,We climbed the steep hill.
wrote,5,5,past tense of write,She wrote a letter to her cousin.
Minnesota,5,5,a state in the United States,Minnesota is one of the 50 U.S. states.
continue,5,5,to keep doing something or keep happening,Continue reading until the end of the page.
launch,5,5,to send something into motion or begin a new activity,The rocket will launch tomorrow.
active,5,5,"moving, working, or taking part",The volcano is still active.
passive,5,5,not taking action or not actively participating,A passive observer watches without joining in.
sprint,5,5,to run at full speed for a short distance,She can sprint across the field quickly.
allowable,5,5,permitted or accepted by rules,Only allowable materials may be used during the test.
suitable,5,5,right or appropriate for a purpose,These shoes are suitable for hiking.
distinguishable,5,5,able to be recognized as different,The twins became distinguishable by their haircuts.
preferable,5,5,more desirable than another choice,Walking is preferable when the weather is pleasant.
debatable,5,5,open to disagreement or discussion,Whether the ending was fair is debatable.
matter,5,5,anything that has mass and takes up space,All physical objects are made of matter.
gaseous,5,5,in the form of a gas,Water vapor is gaseous water.
solidify,5,5,to become or make something solid,Melted wax will solidify as it cools.
petroleum,5,5,a naturally occurring liquid fossil fuel used to make fuels and many products,Gasoline can be made from petroleum.
January,5,6,the first month of the year,January is the first month of the year.
England,5,6,a country that is part of the United Kingdom,England is part of the United Kingdom.
design,5,6,"a plan for how something will look or work, or to create such a plan",The engineer drew a design for the bridge.
bruise,5,6,a dark or sore area caused by an injury under the skin,She got a small bruise after bumping her leg.
awkward,5,6,"clumsy, uncomfortable, or difficult to handle",The large box was awkward to carry.
picnic,5,6,a meal eaten outdoors,We had a picnic in the park.
bicycle,5,6,a two-wheeled vehicle moved by pedals,He rode his bicycle to the trail.
triple,5,6,three times as much or made of three parts,Triple four is twelve.
trilogy,5,6,"a group of three related books, movies, or other works",She read all three novels in the trilogy.
trinity,5,6,"a group of three; in Christianity, the Father, Son, and Holy Spirit",The word trinity can refer to a group of three.
duplicate,5,6,"an exact copy, or to make an exact copy",Keep a duplicate of the important document.
quadruple,5,6,four times as much or made of four parts,"If two is quadrupled, the result is eight."
unicycle,5,6,a vehicle like a bicycle but with one wheel,The performer balanced on a unicycle.
duplex,5,6,a building divided into two separate homes,Two families live in the duplex.
uniform,5,6,"special clothing worn by members of a group, or staying the same",The team wore a blue uniform.
quartet,5,6,"a group of four people or things, especially musicians",A string quartet played at the concert.
quadrant,5,6,"one of four equal sections, especially of a circle or coordinate plane",The point lies in the first quadrant.
octave,5,6,a musical interval spanning eight notes of a scale,The singer moved up an octave.
rhythm,5,6,a regular pattern of beats or movement,Clap the rhythm of the song.
cadence,5,6,"a regular beat, flow, or pattern of sounds",The drummer kept a steady cadence.
February,5,7,the second month of the year,February is the second month of the year.
discard,5,7,to throw away or get rid of something,Discard the damaged paper.
valley,5,7,low land between hills or mountains,A river flowed through the valley.
freight,5,7,"goods carried by truck, train, ship, or aircraft",The train carried freight across the country.
canter,5,7,a horse’s gait faster than a trot but slower than a gallop,The horse moved from a trot to a canter.
vocabulary,5,7,"the words a person knows or uses, or words used in a subject",Reading helps build vocabulary.
aware,5,7,knowing or noticing something,Be aware of traffic when crossing the street.
trouble,5,7,"difficulty, problems, or danger",The computer had trouble connecting to the network.
situation,5,7,the set of conditions happening at a particular time,We discussed the situation before deciding what to do.
station,5,7,a place where a service operates or where vehicles stop,We waited for the train at the station.
description,5,7,words that explain what someone or something is like,Her description helped us picture the setting.
prescription,5,7,a doctor’s written instruction for medicine or treatment,The pharmacist filled the prescription.
subscription,5,7,"an arrangement to receive a service or publication regularly, usually for payment",The library has a subscription to the magazine.
fashion,5,7,"a popular style, especially of clothing or design",The museum displayed fashion from the 1920s.
introduction,5,7,the beginning that presents a topic or person,The introduction explains what the report is about.
dedication,5,7,strong commitment to a task or purpose,Her dedication to practice improved her skills.
divisible,5,7,able to be divided evenly with no remainder,Twelve is divisible by three.
factor,5,7,a number multiplied by another to make a product,Three is a factor of twelve.
composite,5,7,"made of several parts; in math, having more than two factors",Twelve is a composite number.
greatest,5,7,"largest or highest in amount, size, or degree",Twelve is the greatest number in the set.
April,5,8,the fourth month of the year,April is the fourth month of the year.
coward,5,8,a person who lacks courage in a difficult situation,The character feared being called a coward.
breakfast,5,8,the first meal of the day,We ate breakfast before school.
remarkable,5,8,unusual and worthy of attention,The athlete made a remarkable recovery.
application,5,8,"a formal request, a use of something, or a computer program",She submitted an application for the summer program.
vanish,5,8,to disappear suddenly or completely,The fog seemed to vanish after sunrise.
saucer,5,8,"a small shallow dish, often placed under a cup",The teacup sat on a saucer.
Hawaii,5,8,a state in the United States,Hawaii is one of the 50 U.S. states.
politician,5,8,a person involved in government or seeking public office,The politician answered questions at the town meeting.
information,5,8,facts or knowledge about something,The website provides information about the museum.
recession,5,8,a period when economic activity declines,"During a recession, businesses may sell less and hire fewer workers."
concession,5,8,"something given up in an agreement, or a place selling food at an event",We bought popcorn at the concession stand.
deception,5,8,the act of making someone believe something false,The magician’s trick used harmless deception.
production,5,8,"the process of making goods, food, art, or other output",The factory increased production this month.
reduction,5,8,"a decrease in size, amount, or number",The new bulbs caused a reduction in electricity use.
domination,5,8,control over others or a situation,The story describes one empire’s domination of nearby lands.
loyal,5,8,faithful and supportive,The loyal dog stayed beside its owner.
renewable,5,8,able to be naturally replaced or replenished,Wind is a renewable source of energy.
vertical,5,8,straight up and down; at a right angle to a level surface,Draw a vertical line.
panel,5,8,a flat section of a surface or a group chosen to discuss or judge something,A solar panel turns sunlight into electricity.
June,5,9,the sixth month of the year,June is the sixth month of the year.
Massachusetts,5,9,a state in the United States,Massachusetts is one of the 50 U.S. states.
single,5,9,only one,She chose a single flower.
novel,5,9,"a long fictional book, or new and unusual",He borrowed a mystery novel.
horizon,5,9,the line where the sky seems to meet the land or sea,The sun sank below the horizon.
eagle,5,9,a large bird of prey with strong wings and sharp eyesight,The eagle soared above the valley.
recent,5,9,happening or beginning not long ago,We talked about a recent event.
ancestor,5,9,a person in your family who lived in an earlier generation,She learned that one ancestor came from Italy.
walrus,5,9,a large sea mammal with tusks and flippers,The walrus rested on the ice.
escape,5,9,to get away from a place or danger,The rabbit found a way to escape the enclosure.
authenticity,5,9,the quality of being real or genuine,Experts checked the painting’s authenticity.
criticize,5,9,"to point out problems or faults, often by giving an opinion",It is more helpful to explain than simply criticize.
ethnicity,5,9,"a shared cultural background connected to ancestry, language, traditions, or history",The survey asked optional questions about ethnicity.
publicity,5,9,public attention or information used to make something widely known,The festival received publicity in the local newspaper.
elasticity,5,9,the ability to return to an original shape after being stretched or compressed,A rubber band has high elasticity.
voyage,5,9,"a long journey, especially by sea or through space",The ship began its voyage across the ocean.
persecution,5,9,cruel or unfair treatment of people because of their identity or beliefs,Many pilgrims fled persecution in Europe.
pilgrim,5,9,"a person who travels to a sacred place, or historically one of certain early settlers in New England",The pilgrim traveled to a holy site.
compact,5,9,small and arranged to use little space,The compact camera fits in a small bag.
agreement,5,9,"a shared decision, understanding, or arrangement",The two groups reached an agreement.
July,5,10,the seventh month of the year,July is the seventh month of the year.
gopher,5,10,a small burrowing animal that lives underground,The gopher dug a tunnel in the soil.
practice,5,10,"repeated activity done to improve a skill, or to do something repeatedly for improvement",We practice multiplication facts each day.
archery,5,10,the sport or skill of shooting arrows with a bow,She learned archery at camp.
straight,5,10,not curved or bent; following the shortest line between points,Use a ruler to draw a straight line.
comet,5,10,a small icy object that travels around the sun and may form a glowing tail,We saw a photograph of a comet with a long tail.
statement,5,10,something said or written to give information or express an idea,The witness gave a clear statement.
secretary,5,10,"a person who organizes records, messages, schedules, or office work",The school secretary answered the phone.
galaxy,5,10,"a huge group of stars, gas, and dust held together by gravity",Our solar system is in the Milky Way galaxy.
universe,5,10,"all space, time, matter, and energy that exist",Our galaxy is one small part of the universe.
commercial,5,10,related to business or advertising,The company aired a television commercial.
financial,5,10,relating to money,The family made a financial plan for the trip.
racial,5,10,relating to socially defined groups often based on ancestry or physical traits,The class discussed racial equality in history.
sacrificial,5,10,involving giving up something valued for a larger purpose,The character made a sacrificial choice to help others.
circumstantial,5,10,based on surrounding facts rather than direct proof,The detective considered circumstantial evidence.
process,5,10,a series of actions or changes that lead to a result,Photosynthesis is a process plants use to make food.
rely,5,10,to depend on someone or something,We rely on evidence when making a scientific claim.
exchange,5,10,to give one thing and receive another in return,The students exchange books after reading them.
oxygen,5,10,a gas in the air that people and many other living things need to breathe,Our bodies need oxygen.
respiratory,5,10,relating to breathing and the organs used to breathe,The lungs are part of the respiratory system.
suppose,5,11,to think or assume something is likely or true,I suppose the bus will arrive soon.
August,5,11,the eighth month of the year,August is the eighth month of the year.
coast,5,11,land next to the sea,We drove along the coast.
noodle,5,11,a thin strip of dough cooked and eaten as food,She added a noodle to the soup.
period,5,11,a mark (.) used at the end of a sentence,Put a period at the end of the sentence.
autumn,5,11,the season between summer and winter,Leaves change color in autumn.
lizard,5,11,"a reptile with a long body, tail, and usually four legs",The lizard warmed itself on a rock.
ambulance,5,11,a vehicle that carries sick or injured people for medical care,An ambulance arrived to help the injured cyclist.
substantial,5,11,"large, important, or solid in amount",The project required a substantial amount of work.
torrential,5,11,"falling or flowing very heavily, especially rain",Torrential rain flooded the street.
essential,5,11,completely necessary or very important,Water is essential for life.
impartial,5,11,fair and not favoring one side,A judge should remain impartial.
influential,5,11,"having the power to affect people, events, or ideas",The book was influential in changing public opinion.
palatial,5,11,very large and impressive like a palace,The historic home had palatial rooms.
residential,5,11,relating to places where people live,The road passes through a residential neighborhood.
turtle,5,11,a reptile with a hard shell covering its body,The turtle pulled its head into its shell.
tortoise,5,11,a land-dwelling reptile with a hard shell,The tortoise moved slowly across the ground.
mustard,5,11,a yellow or brown condiment made from mustard seeds,I put mustard on my sandwich.
symbol,5,11,"a mark, object, or image that represents something else",A heart can be a symbol of love.
brace,5,11,a support used to hold something steady or in position,The doctor placed a brace on his injured wrist.
September,5,12,the ninth month of the year,September is the ninth month of the year.
conceive,5,12,to form an idea or imagine something,The inventor conceived a new way to solve the problem.
insurance,5,12,an arrangement that helps pay for certain losses or costs in exchange for payments,Health insurance can help cover medical expenses.
spaghetti,5,12,"long, thin pasta strands",We ate spaghetti with tomato sauce.
strange,5,12,unusual or unfamiliar,We heard a strange sound outside.
caught,5,12,"past tense of catch; captured, held, or noticed something",She caught the ball with both hands.
agility,5,12,the ability to move quickly and easily,The dog showed agility on the obstacle course.
hyena,5,12,a doglike African animal known for strong jaws and a laughing-like call,The hyena searched for food at night.
flavor,5,12,the taste of a food or drink,Vanilla is my favorite ice cream flavor.
captain,5,12,"the person in charge of a team, ship, or group",The team captain encouraged the players.
advocate,5,12,"a person who supports a cause, or to publicly support something",She became an advocate for cleaner parks.
alternate,5,12,"to switch back and forth, or occurring every other one",We alternate turns reading aloud.
articulate,5,12,"able to express ideas clearly, or to speak clearly",He was able to articulate his reasoning.
graduate,5,12,"a person who has completed a course of study, or to complete one",The graduate received her diploma.
attribute,5,12,"a quality or feature of someone or something, or to say something was caused by a source",Patience is a useful attribute.
frequent,5,12,happening often,Frequent practice improves fluency.
thorough,5,12,complete and careful,She gave the report a thorough review.
transfer,5,12,to move something or someone from one place to another,Transfer the data to the new file.
bacteria,5,12,tiny single-celled organisms; some are helpful and some can cause disease,Some bacteria help us digest food.
virus,5,12,a tiny infectious agent that can reproduce only inside living cells,A virus can make people sick.
direct,5,13,"straight, without stopping, or to guide something",We took a direct route to the museum.
October,5,13,the tenth month of the year,October is the tenth month of the year.
pharmacy,5,13,a place where medicines are prepared and sold,We picked up the medicine at the pharmacy.
scissors,5,13,a cutting tool with two blades joined at a pivot,Use scissors to cut along the line.
skunk,5,13,a small black-and-white animal that can spray a strong-smelling liquid,The skunk crossed the road at night.
increase,5,13,"to become or make greater in amount, size, or number",Exercise can increase your heart rate.
convict,5,13,a person who has been found guilty of a crime,The story was about a convict who later changed his life.
finance,5,13,the management of money,The lesson explained basic personal finance.
wound,5,13,an injury in which skin or body tissue is hurt,The nurse cleaned the small wound.
business,5,13,"an organization that sells goods or services, or commercial activity",Her family owns a small bakery business.
separate,5,13,to divide or keep apart,Separate the paper from the plastic for recycling.
approximate,5,13,close to the exact amount but not exact,The approximate distance is five kilometers.
estimate,5,13,a reasonable guess based on available information,Estimate the number of beans in the jar.
associate,5,13,"to connect one thing with another, or a person who works with others",Many people associate dark clouds with rain.
certificate,5,13,an official document showing that something is true or completed,She received a certificate after finishing the course.
colony,5,13,a group of people or living things settled or living together in one place,The ants live together in a colony.
spherical,5,13,shaped like a sphere or ball,Earth is roughly spherical.
projection,5,13,"an image cast onto a surface, a prediction, or a way of showing a curved surface on a flat map",The map projection changes the shapes of some regions.
navigation,5,13,the process of finding and following a route,The sailors used stars for navigation.
cartographer,5,13,a person who makes maps,The cartographer drew a detailed map.
calico,5,14,"cotton cloth printed with a colorful pattern, or an animal with patches of several colors","The calico cat had orange, black, and white patches."
November,5,14,the eleventh month of the year,November is the eleventh month of the year.
library,5,14,a place or collection where books and other information resources are kept,I borrowed a book from the library.
hospital,5,14,a place where people receive medical care,The patient was treated at the hospital.
restaurant,5,14,a business where meals are prepared and served to customers,We ate dinner at a restaurant.
clinic,5,14,"a place where people receive medical care, often without staying overnight",The clinic offers routine checkups.
student,5,14,a person who studies or learns at a school or program,Each student completed the assignment.
human,5,14,a person; a member of the human species,"Every human needs food, water, and air."
shelf,5,14,a flat surface used to store or display things,Put the book on the shelf.
shelves,5,14,more than one shelf,The library has rows of shelves.
alumnus,5,14,a male graduate or former student of a school,The alumnus returned to speak at his former school.
alumni,5,14,people who graduated from a school,The alumni returned to visit their old school.
cactus,5,14,"a plant adapted to dry places, often with thick stems and spines",The cactus stores water in its stem.
cacti,5,14,more than one cactus,Several cacti grew in the dry desert.
nucleus,5,14,"the part of many cells that contains genetic material, or the central core of something",DNA is stored in the cell nucleus.
nuclei,5,14,the centers of cells or atoms; plural of nucleus,The students learned about nuclei in science.
stomach,5,14,an organ that helps digest food after it is swallowed,Food moves from the esophagus into the stomach.
esophagus,5,14,the tube that carries food from the throat to the stomach,Swallowed food travels down the esophagus.
digestive,5,14,relating to the body’s process of breaking down food,The stomach is part of the digestive system.
intestine,5,14,a long part of the digestive system where nutrients and water are absorbed,Much nutrient absorption happens in the small intestine.
supply,5,15,"an amount available for use, or to provide what is needed",The town keeps an emergency water supply.
December,5,15,the twelfth month of the year,December is the twelfth month of the year.
reindeer,5,15,"a deer from cold northern regions, also called caribou in North America",The reindeer walked across the snow.
insect,5,15,a small animal with six legs and three main body parts,An ant is an insect.
internal,5,15,inside something or relating to its inner parts,The lungs are internal organs.
external,5,15,outside something or relating to its outer parts,The skin forms an external covering.
doctor,5,15,a trained medical professional who diagnoses and treats illness or injury,The doctor listened to the patient’s heartbeat.
provide,5,15,to give or make something available,Trees provide shade.
wolf,5,15,a wild animal related to dogs that often lives and hunts in groups,The wolf howled in the distance.
wolves,5,15,more than one wolf,The wolves moved together through the forest.
fungus,5,15,"a living thing such as a mushroom, mold, or yeast that is not a plant or animal",A mushroom is a kind of fungus.
fungi,5,15,more than one fungus,Mushrooms and molds are fungi.
hippopotamus,5,15,a very large African mammal that spends much of its time in water,The hippopotamus rested in the river.
hippopotami,5,15,more than one hippopotamus,The hippopotami rested near the water.
octopus,5,15,a sea animal with a soft body and eight arms,The octopus hid between the rocks.
octopi,5,15,more than one octopus,The octopi hid among the rocks.
elf,5,15,a small magical creature in traditional stories,The story was about an elf in the forest.
elves,5,15,more than one elf,The elves worked together in the story.
connection,5,15,"a link or relationship between people, things, or ideas",The bridge creates a connection between the two shores.
interstate,5,15,a major highway that connects states in the United States,We traveled south on the interstate.
thus,5,16,in this way or as a result,"The road was icy, thus making travel slower."
Louisiana,5,16,a state in the United States,Louisiana is one of the 50 U.S. states.
ignore,5,16,to deliberately pay no attention to something,Do not ignore a warning sign.
chapter,5,16,one main section of a book,We read the next chapter.
mall,5,16,a large shopping center,The mall has many stores.
volunteer,5,16,"a person who offers to help without being forced or usually paid, or to offer such help",I volunteer at the food drive.
modern,5,16,related to the present or recent times,The museum has a modern building.
compound,5,16,"something made of two or more parts; in chemistry, a substance made of different elements chemically joined",Water is a chemical compound.
grinned,5,16,smiled broadly,He grinned when he saw the surprise.
plugged,5,16,"filled, blocked, or connected with a plug",She plugged the charger into the wall.
admitted,5,16,acknowledged something was true or allowed someone to enter,He admitted that he had made the mistake.
controlled,5,16,"directed, managed, or kept within limits",The experiment used a controlled temperature.
permitted,5,16,allowed,Phones are not permitted during the test.
referred,5,16,mentioned or directed someone to another source or person,The article referred to an earlier study.
inferred,5,16,reached a conclusion from evidence rather than a direct statement,We inferred the character was tired from the clues.
settlement,5,16,"a place where people establish a community, or an agreement that ends a dispute",The early settlement grew into a town.
porcupine,5,16,a rodent covered with sharp quills used for defense,The porcupine raised its quills.
notation,5,16,a system of written symbols used to represent information,Scientific notation makes very large numbers easier to write.
exponent,5,16,a number showing how many times a base is multiplied by itself,"In 3², the exponent is 2."
standard,5,16,"a level, rule, or model used for comparison or quality",The product must meet the safety standard.
California,5,17,a state in the United States,California is one of the 50 U.S. states.
scowl,5,17,an angry or displeased facial expression,He gave a scowl when he heard the unfair rule.
cougar,5,17,"a large wild cat of the Americas, also called a mountain lion",The cougar moved quietly through the forest.
encounter,5,17,to meet or experience something unexpectedly,We may encounter steep trails on the hike.
soldiers,5,17,members of an army,The soldiers returned home after the war.
exodus,5,17,a large departure of people from a place,The disaster caused an exodus from the town.
silent,5,17,making no sound,The room became silent.
running,5,17,moving quickly on foot so that both feet may leave the ground,Running helps build endurance.
knitting,5,17,making fabric by looping yarn together with needles or a machine,She learned knitting from her grandmother.
stopping,5,17,bringing movement or an action to an end,Stopping at a red light is required.
forgetting,5,17,failing to remember something,Forgetting your password can be frustrating.
expelling,5,17,forcing something or someone out,The lungs are expelling air when we breathe out.
rubbing,5,17,moving something back and forth against a surface,Rubbing the balloon on fabric can build static charge.
equipping,5,17,providing the tools or supplies needed for a purpose,They are equipping the lab with new microscopes.
regretting,5,17,feeling sorry about a past choice or event,He was regretting his unkind comment.
winning,5,17,succeeding in a contest or competition,"Winning was exciting, but the team also valued good sportsmanship."
slamming,5,17,closing or hitting with sudden force and a loud sound,Avoid slamming the door.
inherit,5,17,"to receive property, traits, or characteristics from someone who came before",Children inherit genes from their parents.
gene,5,17,a section of DNA that carries instructions for traits and cell functions,A gene can influence a trait such as eye color.
chromosome,5,17,a structure made of DNA and proteins that carries genes in a cell,Humans normally have chromosomes arranged in pairs.
Antarctica,5,18,the icy continent around the South Pole,Antarctica is the coldest continent.
headache,5,18,pain in the head,She rested because she had a headache.
enjoy,5,18,to take pleasure in something,I enjoy reading mysteries.
conflict,5,18,"a serious disagreement, struggle, or clash",The characters resolved their conflict by talking.
indicate,5,18,"to point out, show, or suggest something",Dark clouds may indicate rain.
throughout,5,18,in every part of a place or during all of a time,It rained throughout the afternoon.
expect,5,18,to believe something is likely to happen,We expect the package tomorrow.
exhausting,5,18,very tiring,The long hike was exhausting.
frustrating,5,18,causing annoyance because something is difficult or blocked,The broken zipper was frustrating.
interesting,5,18,holding attention or curiosity,The science experiment was interesting.
appearing,5,18,becoming visible or seeming to be a certain way,Stars were appearing as the sky grew dark.
complaining,5,18,expressing unhappiness or annoyance,"Instead of complaining, he suggested a solution."
explaining,5,18,making something easier to understand by giving information,She was explaining each step of the solution.
developing,5,18,"growing, changing, or being created over time",The seedlings are developing new leaves.
benefiting,5,18,receiving an advantage or improvement,The garden is benefiting from the rain.
evaluating,5,18,judging quality or value using evidence or standards,We are evaluating which design works best.
investigating,5,18,examining something carefully to learn the facts,The class is investigating how plants respond to light.
protein,5,18,a nutrient and body-building molecule made from amino acids,Eggs contain protein.
carbohydrates,5,18,nutrients that include sugars and starches and are an important source of energy,Bread and rice contain carbohydrates.
calories,5,18,units used to measure energy in food,Food labels show the number of calories in a serving.
sense,5,19,"a way of understanding or detecting something, especially through sight, hearing, smell, taste, or touch",Our sense of smell helps us notice odors.
Canada,5,19,a country north of the United States,Canada is north of the United States.
substitute,5,19,a person or thing used in place of another,A substitute teacher led the class today.
famous,5,19,known by many people,The city is famous for its historic buildings.
giant,5,19,"extremely large, or an imaginary very large humanlike being",A giant oak tree shaded the yard.
colonel,5,19,a military officer rank above lieutenant colonel,The colonel spoke to the soldiers.
improving,5,19,becoming better or making something better,Her reading speed is improving with practice.
upsetting,5,19,"causing worry, sadness, or distress",The upsetting news made everyone quiet.
exciting,5,19,causing strong interest or enthusiasm,The championship game was exciting.
branches,5,19,"parts of a tree growing from the trunk, or divisions of an organization",Birds rested on the tree branches.
editing,5,19,reviewing and changing work to correct or improve it,Editing helped make the essay clearer.
entering,5,19,going or coming into a place,Students were entering the auditorium.
exiting,5,19,leaving a place,People were exiting through the side door.
limiting,5,19,"restricting the amount, size, or range of something",Limiting screen time can leave more time for other activities.
suffering,5,19,"experiencing pain, hardship, or distress",The injured animal was suffering and needed help.
threatening,5,19,showing an intention or possibility of harm,The dark sky looked threatening before the storm.
speculating,5,19,forming ideas or guesses without complete evidence,We were speculating about what might happen next in the story.
property,5,19,"something owned, or a quality that something has",Flexibility is a property of rubber.
representation,5,19,"something that stands for, describes, or shows something else",The map is a representation of the region.
suffrage,5,19,the right to vote in political elections,The movement fought for women’s suffrage.
Mexico,5,20,a country south of the United States,Mexico is south of the United States.
delight,5,20,great pleasure or joy,The puppy’s tricks were a delight to watch.
burglar,5,20,a person who enters a building illegally to steal,The story’s burglar was caught by police.
museum,5,20,"a place that collects, preserves, and displays objects of historical, scientific, or artistic interest",We saw dinosaur fossils at the museum.
leopard,5,20,a large wild cat with a spotted coat,The leopard climbed a tree.
consequently,5,20,as a result,"It snowed; consequently, school was closed."
cloudiness,5,20,the amount of the sky covered by clouds,The cloudiness increased before the rain.
considerable,5,20,fairly large in amount or importance,The project required considerable effort.
suggested,5,20,offered an idea for consideration,She suggested meeting after school.
perishable,5,20,likely to spoil or decay quickly,Milk is a perishable food.
corresponding,5,20,matching or related to something else,Match each state with its corresponding capital.
regrettable,5,20,unfortunate or worthy of regret,The cancellation was regrettable but necessary.
pronouncing,5,20,saying a word or sound aloud in a particular way,We practiced pronouncing the new vocabulary words.
beginning,5,20,the start of something,The beginning of the story introduces the main character.
committing,5,20,"doing or carrying out an action, especially a serious one",Committing to regular practice requires discipline.
powerful,5,20,"having great strength, force, or influence",The storm produced powerful winds.
concentration,5,20,"focused attention, or the amount of a substance in a mixture",The experiment measured the salt concentration in water.
adaptation,5,20,"a change or feature that helps a living thing survive, or a work changed into another form",Thick fur is an adaptation to cold climates.
generation,5,20,"a group of people born around the same time, or the production of something",Stories were passed from one generation to the next.
webbed,5,20,"connected by a thin area of skin, especially between toes",Ducks have webbed feet that help them swim.
solstice,5,21,either of the two times each year when the sun reaches its farthest north or south position in the sky,The summer solstice has the most daylight of the year in the Northern Hemisphere.
entered,5,21,went or came into a place,We entered the building through the front door.
Egypt,5,21,a country in northeastern Africa,Egypt is famous for its ancient pyramids.
laughter,5,21,the sound or action of laughing,Laughter filled the room after the joke.
incidentally,5,21,used when adding a related but less important point,"Incidentally, I found your missing pencil."
whisper,5,21,to speak very quietly,Please whisper in the library.
chief,5,21,the leader or most important person in a group,The fire chief spoke about safety.
entrance,5,21,a place or way to enter,Meet me at the main entrance.
expensive,5,21,costing a lot of money,The new computer was expensive.
tentative,5,21,not final or certain yet,We made a tentative plan for Saturday.
measuring,5,21,"finding the size, amount, or degree of something",We are measuring the table with a ruler.
tolerating,5,21,accepting or enduring something difficult or unpleasant,The plant is tolerating the dry weather well.
nautical,5,21,"relating to ships, sailors, or navigation at sea",A nautical chart helps sailors navigate.
replacing,5,21,putting a new person or thing in the place of another,We are replacing the broken bulb.
forbidding,5,21,"not allowing something, or seeming unfriendly or threatening",The sign was forbidding visitors from entering.
inquiry,5,21,a question or an investigation to find information,The student sent an inquiry about the program.
eventually,5,21,"in the end, after some time",The rain eventually stopped.
accompany,5,21,to go somewhere with someone or happen together with something,An adult will accompany the group.
abacus,5,21,a counting tool with beads that slide on rods or wires,The child moved beads on the abacus.
technique,5,21,a particular method or way of doing something skillfully,She learned a new painting technique.
Spain,5,22,a country in southwestern Europe,Spain is a country in Europe.
visual,5,22,relating to seeing or images,The chart provides a visual explanation of the data.
thunder,5,22,the loud sound caused by rapidly expanding air after lightning,We heard thunder after the flash of lightning.
antelope,5,22,a fast-running hoofed animal related to cattle and goats,The antelope ran across the grassland.
freeze,5,22,to become solid from cold or to become extremely cold,Water can freeze at zero degrees Celsius.
major,5,22,very important or large in effect,The storm caused major damage.
Virginia,5,22,a state in the United States,Virginia is one of the 50 U.S. states.
trophy,5,22,an award given for success in a contest or activity,The team won a trophy.
necessary,5,22,needed or required,A password is necessary to access the account.
solemn,5,22,serious and respectful,The audience was solemn during the memorial.
adhesive,5,22,a substance used to make things stick together,The adhesive held the paper pieces together.
addict,5,22,a person who cannot easily stop a harmful habit or substance use,The health lesson explained how addiction can affect an addict.
adhere,5,22,to stick firmly or follow a rule or belief,The label will adhere to a clean surface.
adjacent,5,22,next to or very near,Our classroom is adjacent to the library.
adjourn,5,22,to end or pause a meeting until later,The council voted to adjourn the meeting.
admission,5,22,"permission to enter, the cost of entering, or an act of admitting something",Museum admission is free for children today.
adjustment,5,22,"a small change made to improve fit, position, or performance",The chair needed a height adjustment.
advertisement,5,22,"a public message designed to promote a product, service, event, or idea",The magazine contained an advertisement for a new game.
exploration,5,22,"the act of traveling, examining, or studying to learn more",Space exploration has taught us about other planets.
conquest,5,22,the act of gaining control of a place or people by force,The history class studied the conquest of the empire.
Italy,5,23,a country in southern Europe,Italy is a country in Europe.
cruel,5,23,causing pain or suffering without kindness,It is cruel to mistreat animals.
Delaware,5,23,a state in the United States,Delaware is one of the 50 U.S. states.
needle,5,23,a thin pointed tool used for sewing,She threaded the needle carefully.
sandwich,5,23,food made by placing a filling between pieces of bread,I packed a turkey sandwich for lunch.
magenta,5,23,a bright purplish-red color,She used magenta paint in the picture.
particular,5,23,specific or special rather than general,Use this particular example in your explanation.
competition,5,23,a contest in which people or groups try to win,The robotics competition begins Saturday.
communication,5,23,the exchange of information or ideas,Clear communication helps teams work together.
comparison,5,23,the act of examining how things are alike or different,The report includes a comparison of the two designs.
compensate,5,23,"to make up for a loss or disadvantage, often by giving payment",The company will compensate workers for overtime.
companion,5,23,a person or animal who spends time with another,The dog was her hiking companion.
committee,5,23,a group chosen to perform a task or make decisions,The committee planned the school event.
commission,5,23,"a group given an official task, or payment based on sales",The city formed a commission to study traffic.
completely,5,23,fully; in every way,The snow completely covered the field.
atmosphere,5,23,the layer of gases surrounding a planet or moon,Earth’s atmosphere contains nitrogen and oxygen.
troposphere,5,23,"the lowest layer of Earth's atmosphere, where most weather happens",Most clouds form in the troposphere.
stratosphere,5,23,a layer of Earth’s atmosphere above the troposphere,The ozone layer is mainly in the stratosphere.
mesosphere,5,23,a layer of Earth's atmosphere above the stratosphere,Many meteors burn up in the mesosphere.
thermosphere,5,23,a high layer of Earth's atmosphere where temperatures can be very hot,The thermosphere is high above Earth's surface.
Brazil,5,24,a large country in South America,Brazil is the largest country in South America.
salmon,5,24,a fish that often swims from the ocean into rivers to reproduce,The salmon swam upstream.
spectacle,5,24,an impressive or unusual sight or event,The fireworks were a bright spectacle.
industry,5,24,businesses that produce a particular kind of product or service,The automobile industry employs many workers.
conscience,5,24,an inner sense of right and wrong,Her conscience told her to return the lost wallet.
casual,5,24,"relaxed, informal, or happening by chance",The picnic had a casual atmosphere.
sausage,5,24,seasoned ground meat or another filling formed into a long shape or casing,He cooked a sausage for breakfast.
rivalry,5,24,ongoing competition between people or groups,The two teams have a friendly rivalry.
realize,5,24,to understand or become aware of something,I did not realize the library closed early.
quarrel,5,24,an angry disagreement,The friends settled their quarrel by talking.
collate,5,24,to gather and arrange items in the correct order,Please collate the pages before stapling them.
collapse,5,24,to fall down suddenly or fail completely,The weak cardboard box began to collapse.
collide,5,24,to crash into something,The two toy cars collide at the bottom of the ramp.
colleague,5,24,a person you work with,She asked a colleague to review the report.
collision,5,24,a crash in which moving things strike each other,The helmets helped protect the cyclists during the collision.
soprano,5,24,the highest common singing voice,She sang the soprano part.
tenor,5,24,a high adult male singing voice,He sang the tenor part.
alto,5,24,a lower female or child singing voice,She sang the alto part.
baritone,5,24,"a male singing voice between tenor and bass, or an instrument in that range",The baritone sang the lower melody.
bass,5,24,the lowest common singing range,He sang the bass part.
company,5,25,"a business organization, or people gathered together",The company designs computer software.
radio,5,25,a device or system that sends and receives sound using electromagnetic waves,We listened to the weather report on the radio.
Missouri,5,25,a state in the United States,Missouri is one of the 50 U.S. states.
genuine,5,25,"real, authentic, and not fake",Experts confirmed the coin was genuine.
capital,5,25,a city where a government is based,The capital is where the state government meets.
otherwise,5,25,"if not, or in a different way","Wear a coat; otherwise, you may get cold."
tangerine,5,25,a small orange citrus fruit that is easy to peel,I ate a tangerine at lunch.
appreciate,5,25,to recognize the value of something or feel thankful for it,I appreciate your help.
prompt,5,25,"to cause or encourage an action, or a cue or instruction",The question will prompt students to explain their reasoning.
southern,5,25,located in or relating to the south,The southern part of the state is warmer.
disadvantage,5,25,a condition that makes success harder or puts someone at a poorer position,High cost is one disadvantage of the plan.
dissatisfied,5,25,not pleased or satisfied,Customers were dissatisfied with the delayed service.
dislike,5,25,to not like someone or something,I dislike waking up very early.
disappoint,5,25,to fail to meet someone’s hopes or expectations,The canceled game may disappoint the players.
disapprove,5,25,to believe something is wrong or not acceptable,The coach will disapprove of poor sportsmanship.
dissolve,5,25,"to mix into a liquid until no separate pieces are visible, or to end formally",Sugar will dissolve in warm water.
disengage,5,25,"to separate, disconnect, or stop taking part",Disengage the brake before moving the bicycle.
disposal,5,25,the act or method of getting rid of something,Proper battery disposal helps protect the environment.
Greek,5,25,the language of Greece,The word comes from Greek.
axiom,5,25,a statement accepted as true and used as a starting point for reasoning,"In mathematics, an axiom can be used to build a proof."
Germany,5,26,a country in central Europe,Germany is a country in Europe.
lavender,5,26,a fragrant purple-flowered plant or a pale purple color,Lavender grew beside the garden path.
printed,5,26,produced words or images on paper or another surface,The directions were printed on the back.
wouldn’t,5,26,would not,The puppy wouldn't leave the toy.
ahead,5,26,in front or farther forward,The trail continues ahead.
terrified,5,26,extremely frightened,The loud crash terrified the small dog.
velvet,5,26,"a soft fabric with a thick, smooth surface",The costume was made of red velvet.
level,5,26,"flat and even, or a stage or amount",Use the tool to make sure the shelf is level.
noisily,5,26,with a lot of noise,The geese landed noisily on the pond.
incredible,5,26,extremely impressive or hard to believe,The telescope showed an incredible view of Saturn.
inaccurate,5,26,not correct or exact,The old map was inaccurate.
inefficient,5,26,"using more time, energy, or resources than necessary",The old heater was inefficient.
ineffective,5,26,not producing the intended result,The first solution was ineffective.
insecure,5,26,"not confident, safe, or firmly fixed",The loose ladder felt insecure.
inadequate,5,26,not enough or not good enough for a need,One small bottle was inadequate for the long hike.
indefinite,5,26,"not exact, fixed, or clearly limited",The event was delayed for an indefinite amount of time.
ineligible,5,26,not qualified or allowed to take part,Late entries are ineligible for the contest.
inequality,5,26,"a lack of equality, or a math statement comparing unequal values",The symbol > can be used in an inequality.
taxes,5,26,money collected by governments to pay for public services,"Taxes help pay for roads, schools, and other services."
income,5,26,"money received from work, investments, or other sources",The family made a budget based on its monthly income.
Colorado,5,27,a state in the United States,Colorado is one of the 50 U.S. states.
repeated,5,27,"said, did, or happened again",The experiment was repeated three times.
column,5,27,a vertical group of items or a tall supporting structure,Write the totals at the bottom of each column.
western,5,27,located in or related to the west,The sun set over the western hills.
internet,5,27,a worldwide network that connects computers and devices,We used the internet to research the topic.
turquoise,5,27,a blue-green color or a blue-green gemstone,She painted the ocean turquoise.
delivery,5,27,the act of bringing something to a person or place,The package is out for delivery.
gauge,5,27,"a tool or measure used to show an amount, size, or level",The fuel gauge shows how much gas remains.
various,5,27,several different kinds,The shelf holds books on various topics.
obsolete,5,27,no longer used because something newer has replaced it,That old computer port is now obsolete.
oblong,5,27,"longer in one direction than the other, often with rounded sides",The table has an oblong top.
obstruct,5,27,"to block a path, view, or process",Do not obstruct the emergency exit.
obligation,5,27,a duty or responsibility,Returning borrowed items is an obligation.
obnoxious,5,27,very unpleasant or annoying,The obnoxious noise made it hard to concentrate.
obsessed,5,27,unable to stop thinking about something to an unhealthy or excessive degree,He became obsessed with checking the score.
obvious,5,27,easy to see or understand,The answer became obvious after the hint.
misconception,5,27,an incorrect belief or understanding,The lesson corrected a common misconception about bats.
environment,5,27,the surroundings and conditions in which living things exist,Pollution can harm the environment.
solution,5,27,an answer to a problem or a liquid mixture in chemistry,We found a solution to the math problem.
logic,5,27,clear reasoning based on rules and facts,We used logic to solve the puzzle.
opposite,5,28,completely different or on the other side,North is the opposite of south.
Mercury,5,28,the planet closest to the Sun,Mercury is the planet closest to the Sun.
media,5,28,"ways of sharing news, information, or entertainment",Television and websites are forms of media.
terrier,5,28,a type of small or medium dog originally bred to chase animals from burrows,The terrier chased a ball across the yard.
plentiful,5,28,available in large amounts,Fresh water is plentiful in some regions and scarce in others.
servant,5,28,a person employed to do household or other service work,"In the historical novel, a servant worked in the large house."
apostrophe,5,28,the punctuation mark (') used in contractions and to show possession,The word can't uses an apostrophe.
comma,5,28,"the punctuation mark (,) used to separate parts of a sentence",We placed a comma after the first item.
exclamation,5,28,"a strong or sudden statement, often ending with an exclamation point",'Watch out!' is an exclamation.
trout,5,28,a freshwater fish related to salmon,The trout swam in the clear stream.
subdivision,5,28,"a smaller part of something larger, or a neighborhood divided into lots",The new subdivision includes a park.
subheading,5,28,a smaller heading under a main heading,Use the subheading to find the section about weather.
submarine,5,28,a vessel designed to travel underwater,The submarine traveled beneath the ocean surface.
submission,5,28,"something sent in for review, or the act of submitting it",Her contest submission included a short story.
submerge,5,28,to put or go completely under water or another liquid,Submerge the thermometer bulb in the water.
subscribe,5,28,to sign up to receive or pay for a service or publication,We subscribe to a science magazine.
subordinate,5,28,"lower in rank or importance, or a person in a lower position",A subordinate clause cannot always stand alone as a sentence.
forecast,5,28,"a prediction of future conditions, especially weather",The forecast calls for rain tomorrow.
blizzard,5,28,a severe snowstorm with strong winds and low visibility,The blizzard closed roads and schools.
meteorology,5,28,the scientific study of weather and the atmosphere,Meteorology helps scientists make weather forecasts.
Venus,5,29,the second planet from the Sun,Venus is the second planet from the Sun.
formation,5,29,the process of forming or the arrangement that results,We studied the formation of sedimentary rock.
merciless,5,29,showing no mercy or kindness,The story’s merciless ruler punished people unfairly.
afraid,5,29,feeling fear,She was afraid of the loud thunder.
article,5,29,"a piece of writing in a newspaper, magazine, or website, or a word such as a, an, or the",We read an article about coral reefs.
adverb,5,29,"a word that tells more about a verb, adjective, or another adverb","In 'run quickly,' quickly is an adverb."
adjective,5,29,a word that describes a noun or pronoun,"In 'blue sky,' blue is an adjective."
conjunction,5,29,a word that connects words or groups of words,The word 'and' is a conjunction.
participle,5,29,a verb form that can be used as an adjective or in a verb phrase,"In 'the falling leaves,' falling is a participle."
preposition,5,29,"a word that shows a relationship such as place, time, or direction","In 'on the table,' on is a preposition."
biology,5,29,the scientific study of living things,Biology includes the study of cells and ecosystems.
archaeology,5,29,"the study of past human life through artifacts, buildings, and other remains",Archaeology can reveal how ancient people lived.
dermatology,5,29,"the branch of medicine that studies and treats skin, hair, and nails",Dermatology includes the treatment of skin conditions.
pathology,5,29,the study of disease and the changes it causes in the body,Pathology helps doctors understand diseases.
mythology,5,29,a collection or study of traditional myths from a culture,We read stories from Greek mythology.
terminology,5,29,the specialized words used in a subject or field,The science chapter introduces new geology terminology.
zoology,5,29,the scientific study of animals,Zoology includes the study of animal behavior.
saturated,5,29,"completely soaked, or holding as much dissolved material as possible",The sponge became saturated with water.
coordinate,5,29,"one of a set of numbers used to locate a point, or to organize things to work together","The point has the coordinate pair (3, 2)."
geometry,5,29,"the branch of mathematics that studies shapes, sizes, positions, and space",We use geometry to find the area of shapes.
Jupiter,5,30,the largest planet in our solar system,Jupiter is the largest planet in our solar system.
similar,5,30,alike in important ways but not exactly the same,The two designs are similar.
daisy,5,30,a flowering plant often having white petals around a yellow center,A daisy grew near the fence.
convention,5,30,"a large formal meeting, or an accepted way of doing something",The organization held its annual convention.
victory,5,30,"success in a contest, battle, or struggle",The team celebrated its victory.
stretched,5,30,made longer or reached out,She stretched the rubber band gently.
experience,5,30,"knowledge gained from doing or living through something, or an event someone goes through",The trip was a new experience for the class.
serious,5,30,"important, not joking, or requiring careful attention",The doctor explained that the injury was serious.
allow,5,30,to permit or make possible,The rules allow each player one extra turn.
chronology,5,30,the order in which events happened over time,Put the historical events in chronology from earliest to latest.
anthropology,5,30,"the study of humans, cultures, and societies",Anthropology examines how people live in different cultures.
sociology,5,30,the study of societies and how people interact in groups,Sociology looks at patterns in human communities.
psychology,5,30,the scientific study of mind and behavior,"Psychology studies how people think, feel, and behave."
theology,5,30,the study of religious beliefs and ideas about God or gods,Theology examines religious teachings and beliefs.
methodology,5,30,a system of methods used to study or do something,The researchers explained their methodology.
criminology,5,30,"the study of crime, its causes, and society’s responses to it",Criminology examines patterns of crime and prevention.
performance,5,30,"the act of performing, or how well someone or something works",The band gave a strong performance.
rehearse,5,30,to practice before a performance or event,The actors rehearse after school.
renaissance,5,30,a period of renewed interest or growth; especially the European cultural period from about the 1300s to 1600s,The class studied art from the Renaissance.
playwright,5,30,a person who writes plays,The playwright wrote a comedy for the stage.
pleasant,5,31,"enjoyable, friendly, or agreeable",The cool breeze made the walk pleasant.
Washington,5,31,a state in the United States,Washington is one of the 50 U.S. states.
China,5,31,a large country in eastern Asia,China is a country in Asia.
Saturn,5,31,a large planet known for its rings,Saturn is a large planet known for its rings.
cluster,5,31,a group of similar things close together,A cluster of grapes hung from the vine.
orchard,5,31,an area where fruit or nut trees are grown,We picked apples in the orchard.
imply,5,31,to suggest something without stating it directly,Her tone seemed to imply that the work was unfinished.
northern,5,31,located in or relating to the north,The northern part of the state gets more snow.
create,5,31,to make something new,Students create models of the solar system.
compulsory,5,31,required by a rule or law,Attendance is compulsory for enrolled students.
aeronautics,5,31,the science and practice of designing and flying aircraft,Aeronautics includes the study of airplanes.
aerobics,5,31,exercise that raises the heart rate and uses oxygen over a period of time,The class did aerobics for twenty minutes.
aerodynamic,5,31,shaped or designed to move easily through air,The car has an aerodynamic shape.
aerosol,5,31,"tiny liquid or solid particles carried in a gas, or a container that sprays them",Smoke is an aerosol of tiny particles in air.
aerospace,5,31,relating to aircraft and spacecraft,She hopes to work in aerospace engineering.
furthermore,5,31,in addition; also,"The route is shorter; furthermore, it is safer."
according,5,31,as stated by or in agreement with,"According to the map, the trail turns east."
dimensional,5,31,"related to measurements such as length, width, or height",We built a three-dimensional model.
quadrangle,5,31,a four-sided shape or an open area surrounded by buildings,The school buildings surround a grassy quadrangle.
category,5,31,a group of things that share features,Place each animal in the correct category.
difficult,5,32,"hard to do, understand, or deal with",The final problem was difficult.
Uranus,5,32,the seventh planet from the Sun,Uranus is the seventh planet from the Sun.
melon,5,32,a large juicy fruit with a thick rind and many seeds,We sliced a melon for breakfast.
fantastic,5,32,"extremely good or impressive, or imaginative and unreal",The band gave a fantastic performance.
unusual,5,32,not common or expected,The bird had an unusual call.
apparently,5,32,as it seems from what is known,"Apparently, the library closes early today."
plaster,5,32,"a material that hardens when dry and is used on walls, casts, or artwork",Workers repaired the wall with plaster.
equinox,5,32,either of two times each year when day and night are nearly equal in length,The spring equinox occurs in March in the Northern Hemisphere.
evening,5,32,the part of the day between late afternoon and night,We took a walk in the evening.
ridiculous,5,32,very unreasonable or silly,The exaggerated rumor sounded ridiculous.
ambidextrous,5,32,able to use both hands with similar skill,The ambidextrous artist could draw with either hand.
ambivalent,5,32,having mixed or opposing feelings about something,She felt ambivalent about moving because she was excited but would miss her friends.
ambient,5,32,surrounding or present in the environment,We measured the ambient temperature in the room.
ambiguity,5,32,a lack of clear meaning because something can be understood in more than one way,The sentence’s ambiguity caused two different interpretations.
ambition,5,32,a strong desire to achieve something,Her ambition is to become an engineer.
require,5,32,to need or demand something,The project will require careful planning.
occupation,5,32,a person’s job or regular type of work,Teaching is her occupation.
apprentice,5,32,a person learning a skilled trade by working with an experienced worker,The apprentice learned from a master electrician.
instruction,5,32,"a direction explaining what to do, or the act of teaching",Follow each instruction carefully.
journeyman,5,32,a trained worker who has completed an apprenticeship but is not yet a master in a trade,The journeyman electrician worked independently on the job.
Neptune,5,33,the eighth planet from the Sun,Neptune is the eighth planet from the Sun.
apology,5,33,a statement expressing regret for doing something wrong,She offered a sincere apology.
Wisconsin,5,33,a state in the United States,Wisconsin is one of the 50 U.S. states.
details,5,33,small facts or pieces of information,Include important details in your summary.
entire,5,33,whole; complete,We read the entire chapter.
explanation,5,33,a statement that makes something easier to understand,His explanation showed each step.
substances,5,33,kinds of matter with particular properties,The experiment compares several substances.
refrigerator,5,33,an appliance that keeps food and drinks cold,Milk stays fresh longer in the refrigerator.
dozen,5,33,a group of twelve,A dozen eggs contains twelve eggs.
conditions,5,33,the circumstances or state in which something exists or happens,Plants grow best under the right conditions.
antibiotic,5,33,a medicine that kills or slows certain bacteria,A doctor may prescribe an antibiotic for some bacterial infections.
antiseptic,5,33,a substance used on living tissue to reduce harmful microorganisms,The nurse cleaned the small cut with an antiseptic.
antifreeze,5,33,a liquid added to engine cooling systems to help prevent freezing and overheating,Cars may use antifreeze in the cooling system.
antidote,5,33,a treatment that works against a particular poison or harmful substance,Doctors may give an antidote for certain poisonings.
antisocial,5,33,"avoiding social interaction, or harmful to society depending on context",He felt antisocial and chose to spend the evening alone.
antibody,5,33,a protein made by the immune system that recognizes and helps fight specific germs or substances,The immune system can make an antibody after exposure to a germ.
sustained,5,33,continued for a period without stopping,The athlete maintained a sustained pace.
hurricane,5,33,a powerful tropical storm in the Atlantic or eastern Pacific with very strong winds,The hurricane brought heavy rain and strong winds.
typhoon,5,33,a powerful tropical storm in the western Pacific,The typhoon moved toward the coast.
cyclone,5,33,a large rotating storm system around a low-pressure center,Meteorologists tracked the tropical cyclone.
Mississippi,5,34,a state in the United States,Mississippi is one of the 50 U.S. states.
track,5,34,"a path or trail, or to follow the movement or progress of something",Scientists track the storm using satellites.
arrive,5,34,to reach a place,The train will arrive at noon.
locate,5,34,to find or identify the position of something,Use the map to locate the city.
register,5,34,"to record or sign up officially, or to show a measurement",Families must register for the program.
prejudice,5,34,an unfair opinion about a person or group formed without enough knowledge,The lesson discussed how prejudice can lead to unfair treatment.
heritage,5,34,"traditions, history, and culture passed down from earlier generations",The festival celebrates the community’s cultural heritage.
effect,5,34,a result or change caused by something,We measured the effect of sunlight on plant growth.
underline,5,34,to draw a line beneath words for emphasis,Underline the main idea.
fortress,5,34,a strongly protected building or place,The stone fortress stood above the river.
annual,5,34,happening once every year,The school holds an annual science fair.
anniversary,5,34,the yearly date on which an important event happened,They celebrated the school’s fiftieth anniversary.
centennial,5,34,a one-hundredth anniversary or relating to one hundred years,The town held a centennial celebration.
millennium,5,34,a period of one thousand years,A millennium is ten centuries.
perennial,5,34,lasting for many years or returning year after year,Lavender can be a perennial plant.
mandatory,5,34,required by a rule or law,Safety goggles are mandatory in the lab.
canine,5,34,"relating to dogs, or one of the pointed teeth beside the incisors",Wolves are members of the canine family.
volume,5,34,the amount of space something occupies or the loudness of sound,We measured the liquid volume in milliliters.
capacity,5,34,the greatest amount something can hold or do,The tank has a capacity of fifty liters.
container,5,34,an object used to hold or store something,Pour the water into a clean container.
auction,5,35,a sale in which people bid against one another and the highest bid usually wins,The painting was sold at an auction.
Pennsylvania,5,35,a state in the United States,Pennsylvania is one of the 50 U.S. states.
feline,5,35,related to cats,A tiger is a feline animal.
auditory,5,35,relating to hearing,The auditory system helps the brain process sound.
audition,5,35,a tryout for a role or performance,She prepared a song for the audition.
audit,5,35,an official examination of financial records or processes,The organization completed an audit of its accounts.
audio,5,35,"sound that is recorded, transmitted, or reproduced",The video has clear audio.
audible,5,35,able to be heard,The bell was audible from the hallway.
auditor,5,35,"a person who examines records, especially financial records",The auditor reviewed the company’s accounts.
auditorium,5,35,a large room or building where audiences gather for events,The assembly was held in the auditorium.
astronaut,5,35,a person trained to travel and work in space,The astronaut lived aboard the space station.
astrophysics,5,35,"the branch of science that uses physics to study stars, planets, galaxies, and the universe",Astrophysics helps explain how stars produce energy.
astronomical,5,35,relating to astronomy or extremely large,The telescope records astronomical observations.
astrology,5,35,a belief system that links positions of celestial objects with human events or personality; it is not a science,Astrology and astronomy are different fields.
approach,5,35,"to move nearer, or a way of dealing with a task",We tried a different approach to the problem.
concept,5,35,an idea or general understanding of something,Fractions are an important math concept.
complaint,5,35,a statement that something is wrong or unsatisfactory,The customer made a complaint about the damaged package.
declaration,5,35,an official or clear statement,The document was a declaration of independence.
revolution,5,35,"a major change, or an uprising that replaces a government",The Industrial Revolution changed how many goods were produced.
delegate,5,35,"a person chosen to represent others, or to give a task to someone",Each class chose a delegate for the student council.
Illinois,5,36,a state in the United States,Illinois is one of the 50 U.S. states.
yeast,5,36,a microscopic fungus used in baking and fermentation,Yeast helps bread dough rise.
notify,5,36,to officially tell or inform someone,Please notify the office if your address changes.
biography,5,36,a written account of someone’s life by another person,She read a biography of an astronaut.
graphic,5,36,"a picture, diagram, or visual design, or very clear and detailed",The report includes a graphic showing population growth.
autograph,5,36,"a person’s handwritten signature, especially from someone well known",The author signed an autograph for the student.
autobiography,5,36,a written account of a person’s life written by that person,The athlete wrote an autobiography about her career.
choreography,5,36,the design and arrangement of dance movements,The dancers practiced the choreography.
graphite,5,36,a soft form of carbon used in pencil cores and other products,Pencil cores are made mostly of graphite mixed with clay.
fracture,5,36,"a crack or break, especially in a bone or hard material",The X-ray showed a small bone fracture.
infraction,5,36,"a violation of a rule or law, usually a minor one",The referee called an infraction.
refraction,5,36,"the bending of a wave, such as light, when it passes from one material into another",Refraction makes a straw look bent in water.
improvement,5,36,a change that makes something better,The revised design was an improvement.
equine,5,36,relating to horses and similar animals,The veterinarian specializes in equine care.
pelican,5,36,a large water bird with a long bill and a pouch beneath it,The pelican scooped a fish from the water.
engage,5,36,"to take part, attract attention, or become involved",Students engage in discussion during the lesson.
animation,5,36,"the process of making drawings or models appear to move, or an animated work",The short animation used hundreds of drawings.
motion,5,36,movement or the act of moving,The experiment measured the motion of the cart.
studio,5,36,"a room or workplace used for art, music, photography, broadcasting, or recording",The artist worked in her studio.
cartoon,5,36,"a drawing or animated work, often humorous or simplified",The newspaper printed a cartoon.
